Description,ACTUAL_AMT,ACTUAL_%REV,FC_AMT,FC_%REV,FC_VARIANCE_AMT,FC_VARIANCE%REV,LY_AMT,LY_%REV,LY_VARIANCE_AMT,LY_VARIANCE_%REV
Paid Occupancy %,21.7,0.0,23.0,0.0,-1.2,0.0,22.6,0.0,-0.9,0.0
Average Daily Rate,199.79,35.4,199.75,38.9,0.05,-3.5,206.61,37.6,-6.82,-2.2
Paid Rooms,2256.0,35.4,2386.0,38.9,-130.0,-3.5,2346.0,37.6,-90.0,-2.2
Complimentary Rooms,119.0,0.0,0.0,0.0,119.0,0.0,107.0,0.0,12.0,0.0
Total Occupied Rooms,2375.0,35.4,2386.0,38.9,-11.0,-3.5,2453.0,37.6,-78.0,-2.2
Rooms Available,10385.0,0.0,10385.0,0.0,0.0,0.0,10385.0,0.0,0.0,0.0
,0.0,0.0,0.0,0.0,0.0,0.0,0.0,0.0,0.0,0.0
Operating Revenue,0.0,0.0,0.0,0.0,0.0,0.0,0.0,0.0,0.0,0.0
Rooms,450731.0,35.4,476519.0,38.9,-25789.0,-3.5,484709.0,37.6,-33978.0,-2.2
Food & Beverage,531469.0,41.7,510255.0,41.6,21213.0,0.1,594104.0,46.1,-62635.0,-4.4
Spa,43759.0,3.4,37789.0,3.1,5970.0,0.3,42270.0,3.3,1488.0,0.2
Golf,54286.0,4.3,49241.0,4.0,5045.0,0.2,39748.0,3.1,14538.0,1.2
Member Services,44337.0,3.5,44510.0,3.6,-173.0,-0.2,38778.0,3.0,5559.0,0.5
Retail,12804.0,1.0,19887.0,1.6,-7083.0,-0.6,18104.0,1.4,-5301.0,-0.4
Recreation,3040.0,0.2,7210.0,0.6,-4170.0,-0.3,4044.0,0.3,-1004.0,-0.1
Miscellaneous Income,134549.0,10.6,80533.0,6.6,54016.0,4.0,68125.0,5.3,66424.0,5.3
Total Operating Revenue,1274973.0,100.0,1225944.0,100.0,49030.0,0.0,1289882.0,100.0,-14908.0,0.0
,0.0,0.0,0.0,0.0,0.0,0.0,0.0,0.0,0.0,0.0
Departmental Expenses,0.0,0.0,0.0,0.0,0.0,0.0,0.0,0.0,0.0,0.0
Rooms,202829.0,45.0,216941.0,45.5,-14112.0,-0.5,180101.0,37.2,22728.0,7.8
Food & Beverage,486803.0,91.6,485878.0,95.2,925.0,-3.6,524376.0,88.3,-37573.0,3.3
Spa,25557.0,58.4,31008.0,82.1,-5451.0,-23.7,35300.0,83.5,-9743.0,-25.1
Golf,62015.0,114.2,73304.0,148.9,-11289.0,-34.6,70343.0,177.0,-8328.0,-62.7
Member Services,4474.0,10.1,11232.0,25.2,-6758.0,-15.1,8893.0,22.9,-4418.0,-12.8
Retail,10233.0,79.9,11759.0,59.1,-1527.0,20.8,9694.0,53.5,539.0,26.4
Recreation,11981.0,394.1,14033.0,194.6,-2052.0,199.4,9641.0,238.4,2340.0,155.7
Total Departmental Expenses,803892.0,63.1,844156.0,68.9,-40264.0,-5.8,838348.0,65.0,-34456.0,-1.9
,0.0,0.0,0.0,0.0,0.0,0.0,0.0,0.0,0.0,0.0
Total Departmental Profit,471081.0,36.9,381788.0,31.1,89294.0,5.8,451534.0,35.0,19547.0,1.9
,0.0,0.0,0.0,0.0,0.0,0.0,0.0,0.0,0.0,0.0
Undistributed Operating Expenses,0.0,0.0,0.0,0.0,0.0,0.0,0.0,0.0,0.0,0.0
Administrative & General,175521.0,13.8,168407.0,13.7,7114.0,0.0,179058.0,13.9,-3536.0,-0.1
Information and Telecommunications Systems,56840.0,4.5,56032.0,4.6,809.0,-0.1,68563.0,5.3,-11723.0,-0.9
Sales & Marketing,290158.0,22.8,318769.0,26.0,-28612.0,-3.2,289990.0,22.5,167.0,0.3
Property Operations,112925.0,8.9,170260.0,13.9,-57335.0,-5.0,142018.0,11.0,-29092.0,-2.2
House Laundry,230.0,0.0,0.0,0.0,230.0,0.0,0.0,0.0,230.0,0.0
Utilities,110141.0,8.6,107000.0,8.7,3141.0,-0.1,95899.0,7.4,14242.0,1.2
Total Undistributed Expenses,745815.0,58.5,820468.0,66.9,-74652.0,-8.4,775528.0,60.1,-29712.0,-1.6
,0.0,0.0,0.0,0.0,0.0,0.0,0.0,0.0,0.0,0.0
Gross Operating Profit,-274734.0,-21.5,-438680.0,-35.8,163946.0,14.2,-323994.0,-25.1,49260.0,3.6
,0.0,0.0,0.0,0.0,0.0,0.0,0.0,0.0,0.0,0.0
Management Fees,0.0,0.0,0.0,0.0,0.0,0.0,0.0,0.0,0.0,0.0
Base Management Fees,27337.0,2.1,27584.0,2.2,-247.0,-0.1,35497.0,2.8,-8160.0,-0.6
Base Management Fees 2,-4167.0,-0.3,-4167.0,-0.3,0.0,0.0,-4167.0,-0.3,0.0,0.0
Total Management Fees,23170.0,1.8,23417.0,1.9,-247.0,-0.1,31330.0,2.4,-8160.0,-0.6
,0.0,0.0,0.0,0.0,0.0,0.0,0.0,0.0,0.0,0.0
Income before Non-Operating Income & Expenses,-297904.0,-23.4,-462097.0,-37.7,164193.0,14.3,-355324.0,-27.5,57420.0,4.2
,0.0,0.0,0.0,0.0,0.0,0.0,0.0,0.0,0.0,0.0
Non-Operating Income & Expenses,0.0,0.0,0.0,0.0,0.0,0.0,0.0,0.0,0.0,0.0
Income,-25623.0,-2.0,-19061.0,-1.6,-6562.0,-0.5,-21821.0,-1.7,-3802.0,-0.3
Rent,4950.0,0.4,4950.0,0.4,0.0,0.0,5014.0,0.4,-64.0,0.0
Property and Other Taxes,161198.0,12.6,150630.0,12.3,10568.0,0.4,119664.0,9.3,41534.0,3.4
Insurance,27806.0,2.2,34173.0,2.8,-6367.0,-0.6,18461.0,1.4,9345.0,0.7
Other Expenses,41273.0,3.2,34094.0,2.8,7178.0,0.5,26539.0,2.1,14734.0,1.2
Total Non-Operating Income & Expenses,209604.0,16.4,204787.0,16.7,4817.0,-0.3,147858.0,11.5,61746.0,5.0
,0.0,0.0,0.0,0.0,0.0,0.0,0.0,0.0,0.0,0.0
"Earnings Before Interest, Taxes, Depreciation, and Amortization",-507508.0,-39.8,-666884.0,-54.4,159376.0,14.6,-503182.0,-39.0,-4326.0,-0.8
Replacement Reserve,48599.0,3.8,49038.0,4.0,-439.0,-0.2,25818.0,2.0,22781.0,1.8
EBITDA Less Reserve,-556107.0,-43.6,-715922.0,-58.4,159815.0,14.8,-529000.0,-41.0,-27107.0,-2.6
,0.0,0.0,0.0,0.0,0.0,0.0,0.0,0.0,0.0,0.0
"Interest, Depreciation and Amortization",0.0,0.0,0.0,0.0,0.0,0.0,0.0,0.0,0.0,0.0
Interest Expense,594113.0,46.6,504064.0,41.1,90049.0,5.5,408337.0,31.7,185776.0,14.9
Depreciation,314069.0,24.6,350620.0,28.6,-36551.0,-4.0,322364.0,25.0,-8295.0,-0.4
Amortization,50538.0,4.0,50538.0,4.1,0.0,-0.2,2055.0,0.2,48483.0,3.8
Partnership Expense,34111.0,2.7,17531.0,1.4,16580.0,1.2,4546.0,0.4,29564.0,2.3
"Total Interest, Depreciation, and Amortization",992830.0,77.9,922753.0,75.3,70077.0,2.6,737302.0,57.2,255528.0,20.7
,0.0,0.0,0.0,0.0,0.0,0.0,0.0,0.0,0.0,0.0
Add: Replacement Reserve,48599.0,3.8,49038.0,4.0,-439.0,-0.2,25818.0,2.0,22781.0,1.8
,0.0,0.0,0.0,0.0,0.0,0.0,0.0,0.0,0.0,0.0
,0.0,0.0,0.0,0.0,0.0,0.0,0.0,0.0,0.0,0.0
TRANSIENT,0.0,0.0,0.0,0.0,0.0,0.0,0.0,0.0,0.0,0.0
ROOM NIGHTS,0.0,0.0,0.0,0.0,0.0,0.0,0.0,0.0,0.0,0.0
TRANSIENT-GOVERNMENT,5.0,0.3,0.0,0.0,5.0,0.3,0.0,0.0,5.0,0.3
TRANSIENT-PACKAGE,19.0,2.4,14.0,1.7,5.0,0.7,30.0,4.5,-11.0,-2.1
TRANSIENT-DISCOUNT,359.0,42.8,409.0,37.1,-50.0,5.7,372.0,43.2,-13.0,-0.5
TRANSIENT-FREQUENT GUEST/ PREFERRED,204.0,23.3,199.0,21.6,5.0,1.7,201.0,25.6,3.0,-2.3
TRANSIENT-COMMERCIAL RETAIL,93.0,12.0,161.0,18.0,-68.0,-6.1,50.0,6.6,43.0,5.4
TRANSIENT-SPECIAL,10.0,0.7,0.0,0.0,10.0,0.7,17.0,1.1,-7.0,-0.4
TRANSIENT-INET NON-OPAQUE (E-CHNL RETAIL),174.0,18.5,203.0,21.5,-29.0,-3.0,175.0,18.9,-1.0,-0.4
TOTAL TRANSIENT ROOM NIGHTS,864.0,45.9,986.0,49.7,-122.0,-3.7,845.0,40.9,19.0,5.1
,0.0,0.0,0.0,0.0,0.0,0.0,0.0,0.0,0.0,0.0
AVERAGE DAILY RATE,0.0,0.0,0.0,0.0,0.0,0.0,0.0,0.0,0.0,0.0
TRANSIENT-GOVERNMENT,127.4,0.3,0.0,0.0,127.4,0.3,0.0,0.0,127.4,0.3
TRANSIENT-PACKAGE,266.14,2.4,291.96,1.7,-25.81,0.7,298.16,4.5,-32.02,-2.1
TRANSIENT-DISCOUNT,246.63,42.8,214.65,37.1,31.98,5.7,230.23,43.2,16.4,-0.5
TRANSIENT-FREQUENT GUEST/ PREFERRED,236.47,23.3,257.92,21.6,-21.44,1.7,252.53,25.6,-16.06,-2.3
TRANSIENT-COMMERCIAL RETAIL,266.63,12.0,265.4,18.0,1.22,-6.1,259.98,6.6,6.65,5.4
TRANSIENT-SPECIAL,150.18,0.7,0.0,0.0,150.18,0.7,130.86,1.1,19.32,-0.4
TRANSIENT-INET NON-OPAQUE (E-CHNL RETAIL),220.07,18.5,250.2,21.5,-30.13,-3.0,214.23,18.9,5.85,-0.4
TOTAL TRANSIENT ADR,239.66,45.9,240.09,49.7,-0.43,-3.7,234.39,40.9,5.27,5.1
,0.0,0.0,0.0,0.0,0.0,0.0,0.0,0.0,0.0,0.0
REVENUE,0.0,0.0,0.0,0.0,0.0,0.0,0.0,0.0,0.0,0.0
TRANSIENT-GOVERNMENT,637.0,0.3,0.0,0.0,637.0,0.3,0.0,0.0,637.0,0.3
TRANSIENT-PACKAGE,5057.0,2.4,4140.0,1.7,916.0,0.7,8945.0,4.5,-3888.0,-2.1
TRANSIENT-DISCOUNT,88539.0,42.8,87771.0,37.1,768.0,5.7,85644.0,43.2,2895.0,-0.5
TRANSIENT-FREQUENT GUEST/ PREFERRED,48240.0,23.3,51208.0,21.6,-2967.0,1.7,50759.0,25.6,-2518.0,-2.3
TRANSIENT-COMMERCIAL RETAIL,24796.0,12.0,42658.0,18.0,-17861.0,-6.1,12999.0,6.6,11798.0,5.4
TRANSIENT-SPECIAL,1502.0,0.7,0.0,0.0,1502.0,0.7,2225.0,1.1,-723.0,-0.4
TRANSIENT-INET NON-OPAQUE (E-CHNL RETAIL),38293.0,18.5,50860.0,21.5,-12567.0,-3.0,37489.0,18.9,803.0,-0.4
TOTAL TRANSIENT REVENUE,207064.0,45.9,236637.0,49.7,-29573.0,-3.7,198060.0,40.9,9004.0,5.1
,0.0,0.0,0.0,0.0,0.0,0.0,0.0,0.0,0.0,0.0
GROUP,0.0,0.0,0.0,0.0,0.0,0.0,0.0,0.0,0.0,0.0
ROOM NIGHTS,0.0,0.0,0.0,0.0,0.0,0.0,0.0,0.0,0.0,0.0
GROUP-EP,566.0,48.0,657.0,53.0,-91.0,-5.0,962.0,64.6,-396.0,-16.5
GROUP-GOVERNMENT,1.0,0.1,0.0,0.0,1.0,0.1,0.0,0.0,1.0,0.1
GROUP-ASSOCIATION/CONVENTION,59.0,3.7,77.0,3.0,-18.0,0.7,1.0,0.1,58.0,3.6
GROUP-CORPORATE,600.0,38.9,640.0,42.6,-40.0,-3.7,507.0,35.2,93.0,3.7
GROUP-SMERF,166.0,9.3,26.0,1.3,140.0,7.9,31.0,0.2,135.0,9.1
TOTAL GROUP ROOM NIGHTS,1392.0,54.1,1400.0,49.7,-8.0,4.4,1501.0,58.5,-109.0,-4.4
,0.0,0.0,0.0,0.0,0.0,0.0,0.0,0.0,0.0,0.0
AVERAGE DAILY RATE,0.0,0.0,0.0,0.0,0.0,0.0,0.0,0.0,0.0,0.0
GROUP-EP,206.77,48.0,190.96,53.0,15.81,-5.0,190.21,64.6,16.57,-16.5
GROUP-GOVERNMENT,149.0,0.1,0.0,0.0,149.0,0.1,0.0,0.0,149.0,0.1
GROUP-ASSOCIATION/CONVENTION,152.9,3.7,92.88,3.0,60.02,0.7,169.0,0.1,-16.1,3.6
GROUP-CORPORATE,158.07,38.9,157.58,42.6,0.5,-3.7,196.72,35.2,-38.64,3.7
GROUP-SMERF,136.18,9.3,122.0,1.3,14.18,7.9,16.65,0.2,119.54,9.1
TOTAL GROUP ADR,175.04,54.1,169.02,49.7,6.02,4.4,188.81,58.5,-13.77,-4.4
,0.0,0.0,0.0,0.0,0.0,0.0,0.0,0.0,0.0,0.0
REVENUE,0.0,0.0,0.0,0.0,0.0,0.0,0.0,0.0,0.0,0.0
GROUP-EP,117034.0,48.0,125461.0,53.0,-8427.0,-5.0,182979.0,64.6,-65944.0,-16.5
GROUP-GOVERNMENT,149.0,0.1,0.0,0.0,149.0,0.1,0.0,0.0,149.0,0.1
GROUP-ASSOCIATION/CONVENTION,9021.0,3.7,7152.0,3.0,1869.0,0.7,169.0,0.1,8852.0,3.6
GROUP-CORPORATE,94844.0,38.9,100849.0,42.6,-6005.0,-3.7,99736.0,35.2,-4892.0,3.7
GROUP-SMERF,22606.0,9.3,3172.0,1.3,19434.0,7.9,516.0,0.2,22090.0,9.1
TOTAL GROUP REVENUE,243655.0,54.1,236634.0,49.7,7021.0,4.4,283400.0,58.5,-39745.0,-4.4
,0.0,0.0,0.0,0.0,0.0,0.0,0.0,0.0,0.0,0.0
CONTRACT,0.0,0.0,0.0,0.0,0.0,0.0,0.0,0.0,0.0,0.0
ROOM NIGHTS,0.0,0.0,0.0,0.0,0.0,0.0,0.0,0.0,0.0,0.0
,0.0,0.0,0.0,0.0,0.0,0.0,0.0,0.0,0.0,0.0
AVERAGE DAILY RATE,0.0,0.0,0.0,0.0,0.0,0.0,0.0,0.0,0.0,0.0
,0.0,0.0,0.0,0.0,0.0,0.0,0.0,0.0,0.0,0.0
REVENUE,0.0,0.0,0.0,0.0,0.0,0.0,0.0,0.0,0.0,0.0
,0.0,0.0,0.0,0.0,0.0,0.0,0.0,0.0,0.0,0.0
TOTAL HOTEL PAID ROOMS,2256.0,35.2,2386.0,38.5,-130.0,-3.3,2346.0,37.3,-90.0,-2.0
,0.0,0.0,0.0,0.0,0.0,0.0,0.0,0.0,0.0,0.0
COMP ROOM NIGHTS,0.0,0.0,0.0,0.0,0.0,0.0,0.0,0.0,0.0,0.0
COMPLIMENTARY ROOM - 105,82.0,0.0,0.0,0.0,82.0,0.0,50.0,0.0,32.0,0.0
HOUSE USE,37.0,0.0,0.0,0.0,37.0,0.0,57.0,0.0,-20.0,0.0
TOTAL COMP ROOMS,119.0,0.0,0.0,0.0,119.0,0.0,107.0,0.0,12.0,0.0
,0.0,0.0,0.0,0.0,0.0,0.0,0.0,0.0,0.0,0.0
TOTAL OCCUPIED ROOMS,2375.0,100.0,2386.0,99.3,-11.0,0.7,2453.0,99.3,-78.0,0.7
TOTAL ROOM ADR,199.79,100.0,199.75,100.0,0.05,0.0,206.61,100.0,-6.82,0.0
TOTAL ROOM REVENUE,450731.0,35.4,476519.0,38.9,-25789.0,-3.5,484709.0,37.6,-33978.0,-2.2
TRANSIENT-COMMERCIAL RETAIL,24796.0,12.0,42658.0,18.0,-17861.0,-6.1,12999.0,6.6,11798.0,5.4
TRANSIENT-INET NON-OPAQUE (E-CHNL RETAIL),38293.0,18.5,50860.0,21.5,-12567.0,-3.0,37489.0,18.9,803.0,-0.4
TOTAL TRANSIENT - RETAIL,63089.0,14.0,93518.0,19.6,-30429.0,-5.6,50488.0,10.4,12601.0,3.6
TRANSIENT-PACKAGE,5057.0,2.4,4140.0,1.7,916.0,0.7,8945.0,4.5,-3888.0,-2.1
TRANSIENT-DISCOUNT,88539.0,42.8,87771.0,37.1,768.0,5.7,85644.0,43.2,2895.0,-0.5
TRANSIENT-FREQUENT GUEST/ PREFERRED,48240.0,23.3,51208.0,21.6,-2967.0,1.7,50759.0,25.6,-2518.0,-2.3
TRANSIENT-SPECIAL,1502.0,0.7,0.0,0.0,1502.0,0.7,2225.0,1.1,-723.0,-0.4
TRANSIENT-GOVERNMENT,637.0,0.3,0.0,0.0,637.0,0.3,0.0,0.0,637.0,0.3
TOTAL TRANSIENT ROOMS REVENUE,207064.0,45.9,236637.0,49.7,-29573.0,-3.7,198060.0,40.9,9004.0,5.1
GROUP-CORPORATE,94844.0,38.9,100849.0,42.6,-6005.0,-3.7,99736.0,35.2,-4892.0,3.7
TOTAL GROUP - CORPORATE,94844.0,21.0,100849.0,21.2,-6005.0,-0.1,99736.0,20.6,-4892.0,0.5
GROUP-ASSOCIATION/CONVENTION,9021.0,3.7,7152.0,3.0,1869.0,0.7,169.0,0.1,8852.0,3.6
TOTAL GROUP - ASSOCIATION/CONVENTION,9021.0,2.0,7152.0,1.5,1869.0,0.5,169.0,0.0,8852.0,2.0
GROUP-EP,117034.0,48.0,125461.0,53.0,-8427.0,-5.0,182979.0,64.6,-65944.0,-16.5
TOTAL GROUP - EP,117034.0,26.0,125461.0,26.3,-8427.0,-0.4,182979.0,37.8,-65944.0,-11.8
GROUP-GOVERNMENT,149.0,0.1,0.0,0.0,149.0,0.1,0.0,0.0,149.0,0.1
TOTAL GROUP - GOVERNMENT,149.0,0.0,0.0,0.0,149.0,0.0,0.0,0.0,149.0,0.0
GROUP-SMERF,22606.0,9.3,3172.0,1.3,19434.0,7.9,516.0,0.2,22090.0,9.1
TOTAL GROUP - SMERF,22606.0,5.0,3172.0,0.7,19434.0,4.3,516.0,0.1,22090.0,4.9
TOTAL GROUP ROOMS REVENUE,243655.0,54.1,236634.0,49.7,7021.0,4.4,283400.0,58.5,-39745.0,-4.4
NO-SHOW REVENUE,1368.0,71.3,3929.0,98.7,-2561.0,-27.4,3929.0,98.7,-2561.0,-27.4
OTHER ROOM REVENUE,250.0,13.0,0.0,0.0,250.0,13.0,0.0,0.0,250.0,13.0
EARLY/LATE FEES,300.0,15.6,50.0,1.3,250.0,14.4,50.0,1.3,250.0,14.4
ALLOWANCE,-1906.0,-99.4,-730.0,-18.3,-1176.0,-81.0,-730.0,-18.3,-1176.0,-81.0
LESS: ALLOWANCES,-1906.0,-0.4,-730.0,-0.2,-1176.0,-0.3,-730.0,-0.2,-1176.0,-0.3
SUBTOTAL ROOMS REVENUE,450731.0,100.0,476519.0,100.0,-25789.0,0.0,484709.0,100.0,-33978.0,0.0
TOTAL ROOMS REVENUE,450731.0,35.4,476519.0,38.9,-25789.0,-3.5,484709.0,37.6,-33978.0,-2.2
DIRECTOR OF ROOMS,11326.0,2.5,10080.0,2.1,1246.0,0.4,12145.0,2.5,-819.0,0.0
FRONT OFFICE MANAGER,7592.0,1.7,6422.0,1.3,1170.0,0.3,264.0,0.1,7329.0,1.6
ASSISTANT FRONT OFFICE MANAGER,3293.0,0.7,5471.0,1.1,-2178.0,-0.4,3659.0,0.8,-367.0,0.0
RESERVATIONS MANAGER,0.0,0.0,0.0,0.0,0.0,0.0,2139.0,0.4,-2139.0,-0.4
EXECUTIVE HOUSEKEEPER,5825.0,1.3,4927.0,1.0,898.0,0.3,5936.0,1.2,-111.0,0.1
HOUSEKEEPING MANAGER,8367.0,1.9,7079.0,1.5,1288.0,0.4,0.0,0.0,8367.0,1.9
TOTAL ROOMS MANAGEMENT,36403.0,8.1,33978.0,7.1,2425.0,0.9,24144.0,5.0,12259.0,3.1
FRONT DESK SUPERVISOR,5645.0,1.3,5717.0,1.2,-72.0,0.1,0.0,0.0,5645.0,1.3
FRONT DESK AGENT,6529.0,1.4,5468.0,1.1,1062.0,0.3,10065.0,2.1,-3535.0,-0.6
NIGHT AUDIT,4881.0,1.1,8233.0,1.7,-3352.0,-0.6,4393.0,0.9,488.0,0.2
TOTAL FRONT OFFICE LABOR,17055.0,3.8,19417.0,4.1,-2362.0,-0.3,14458.0,3.0,2597.0,0.8
HOUSEKEEPING SUPERVISOR,5613.0,1.2,8742.0,1.8,-3129.0,-0.6,10684.0,2.2,-5071.0,-1.0
ROOM ATTENDANT,12687.0,2.8,17267.0,3.6,-4580.0,-0.8,17307.0,3.6,-4620.0,-0.8
LOBBY/PUBLIC SPACE ATTENDANT,2682.0,0.6,5310.0,1.1,-2628.0,-0.5,3273.0,0.7,-591.0,-0.1
HOUSEKEEPING CLERK,0.0,0.0,2909.0,0.6,-2909.0,-0.6,2553.0,0.5,-2553.0,-0.5
HOUSE ATTENDANT,984.0,0.2,3317.0,0.7,-2333.0,-0.5,2267.0,0.5,-1283.0,-0.2
RESERVATIONS AGENT,7538.0,1.7,7360.0,1.5,178.0,0.1,5411.0,1.1,2127.0,0.6
GROUP ROOMS COORDINATOR,2827.0,0.6,2690.0,0.6,137.0,0.1,0.0,0.0,2827.0,0.6
TOTAL RESERVATIONS LABOR,10365.0,2.3,10050.0,2.1,315.0,0.2,5411.0,1.1,4954.0,1.2
TOTAL ROOMS NON-MANAGEMENT,49387.0,11.0,67013.0,14.1,-17626.0,-3.1,55954.0,11.5,-6567.0,-0.6
SUBTOTAL: SALARIES & WAGES,85790.0,19.0,100991.0,21.2,-15202.0,-2.2,80098.0,16.5,5692.0,2.5
INCENTIVE COMPENSATION - ROOMS,2545.0,0.6,1923.0,0.4,622.0,0.2,1867.0,0.4,678.0,0.2
TOTAL BONUS & INCENTIVES,2545.0,0.6,1923.0,0.4,622.0,0.2,1867.0,0.4,678.0,0.2
CONTRACT LABOR,29160.0,6.5,25739.0,5.4,3421.0,1.1,28865.0,6.0,295.0,0.5
TOTAL CONTRACT LABOR,29160.0,6.5,25739.0,5.4,3421.0,1.1,28865.0,6.0,295.0,0.5
"TOTAL SALARIES, WAGES, SC, CONTRACT & BONUS",117495.0,26.1,128654.0,27.0,-11158.0,-0.9,110830.0,22.9,6665.0,3.2
PAYROLL TAXES,7397.0,1.6,7494.0,1.6,-96.0,0.1,6449.0,1.3,949.0,0.3
TOTAL PAYROLL TAXES,7397.0,1.6,7494.0,1.6,-96.0,0.1,6449.0,1.3,949.0,0.3
SUPPLEMENTAL PAY,6242.0,1.4,5625.0,1.2,617.0,0.2,6064.0,1.3,178.0,0.1
PTO EXPENSE - ROOMS,15759.0,3.5,4252.0,0.9,11508.0,2.6,11226.0,2.3,4533.0,1.2
TOTAL SUPPLEMENTAL PAY,22002.0,4.9,9877.0,2.1,12125.0,2.8,17290.0,3.6,4712.0,1.3
HEALTH INSURANCE - ROOMS,-7407.0,-1.6,16007.0,3.4,-23414.0,-5.0,21875.0,4.5,-29282.0,-6.2
401K,377.0,0.1,353.0,0.1,23.0,0.0,273.0,0.1,104.0,0.0
EMPLOYEE MEALS,1424.0,0.3,1683.0,0.4,-259.0,0.0,78.0,0.0,1346.0,0.3
EMPLOYEE BENEFITS,72.0,0.0,40.0,0.0,31.0,0.0,53.0,0.0,19.0,0.0
WORKERS COMP,2059.0,0.5,1404.0,0.3,655.0,0.2,1919.0,0.4,140.0,0.1
TOTAL BENEFITS,-3476.0,-0.8,19487.0,4.1,-22963.0,-4.9,24197.0,5.0,-27674.0,-5.8
TOTAL LABOR & RELATED,143418.0,31.8,165511.0,34.7,-22093.0,-2.9,158766.0,32.8,-15348.0,-0.9
COMP FOOD & BEVERAGE,0.0,0.0,1409.0,0.3,-1409.0,-0.3,0.0,0.0,0.0,0.0
CLEANING SUPPLIES,4005.0,0.9,2958.0,0.6,1047.0,0.3,482.0,0.1,3523.0,0.8
COMMISSIONS PAID,5580.0,1.2,4662.0,1.0,918.0,0.3,2098.0,0.4,3482.0,0.8
COMMISSIONS/REBATES-GROUPS,17182.0,3.8,7252.0,1.5,9930.0,2.3,202.0,0.0,16980.0,3.8
COMPLIMENTARY F & B,3599.0,0.8,1431.0,0.3,2168.0,0.5,443.0,0.1,3156.0,0.7
COMP IN-ROOM/MEDIA ENTERTAINMENT,8085.0,1.8,8000.0,1.7,85.0,0.1,7987.0,1.6,98.0,0.1
CONTRACT SERVICES,0.0,0.0,600.0,0.1,-600.0,-0.1,0.0,0.0,0.0,0.0
COMPLIMENTARY SERVICES & GIFTS,82.0,0.0,105.0,0.0,-23.0,0.0,177.0,0.0,-94.0,0.0
GUEST SUPPLIES,5120.0,1.1,8397.0,1.8,-3277.0,-0.6,1832.0,0.4,3288.0,0.8
LAUNDRY ALLOCATION,8328.0,1.8,9896.0,2.1,-1569.0,-0.2,6400.0,1.3,1928.0,0.5
LINEN,3164.0,0.7,3125.0,0.7,38.0,0.0,0.0,0.0,3164.0,0.7
MISCELLANEOUS,0.0,0.0,250.0,0.1,-250.0,-0.1,23.0,0.0,-23.0,0.0
OPERATING SUPPLIES,2571.0,0.6,873.0,0.2,1698.0,0.4,1096.0,0.2,1475.0,0.3
PRINTING & STATIONERY,0.0,0.0,1254.0,0.3,-1254.0,-0.3,0.0,0.0,0.0,0.0
RESERVATIONS EXPENSE,1371.0,0.3,1217.0,0.3,154.0,0.0,596.0,0.1,775.0,0.2
UNIFORMS,325.0,0.1,0.0,0.0,324.0,0.1,0.0,0.0,324.0,0.1
TOTAL ROOMS OTHER EXPENSES,59411.0,13.2,51430.0,10.8,7981.0,2.4,21335.0,4.4,38076.0,8.8
TOTAL ROOMS EXPENSE,202829.0,45.0,216941.0,45.5,-14112.0,-0.5,180101.0,37.2,22728.0,7.8
TOTAL ROOMS PROFIT,247902.0,55.0,259578.0,54.5,-11676.0,0.5,304608.0,62.8,-56706.0,-7.8
VENUE 1 FOOD,24568.0,4.6,48060.0,9.4,-23492.0,-4.8,32892.0,5.5,-8325.0,-0.9
VENUE 2 FOOD,59356.0,11.2,58221.0,11.4,1135.0,-0.2,43418.0,7.3,15938.0,3.9
VENUE 3 FOOD,24962.0,4.7,24170.0,4.7,792.0,0.0,15651.0,2.6,9312.0,2.1
VENUE 6 FOOD,2924.0,0.6,2288.0,0.4,636.0,0.1,1933.0,0.3,991.0,0.2
VENUE 7 FOOD,13511.0,2.5,9610.0,1.9,3901.0,0.7,1132.0,0.2,12379.0,2.4
VENUE 8 FOOD,4406.0,0.8,0.0,0.0,4406.0,0.8,0.0,0.0,4406.0,0.8
BANQUET & CATERING FOOD,149934.0,28.2,149810.0,29.4,124.0,-1.1,158749.0,26.7,-8815.0,1.5
TOTAL F&B FOOD REVENUE,279661.0,52.6,292160.0,57.3,-12499.0,-4.6,253775.0,42.7,25885.0,9.9
VENUE 1 BEVERAGE,19969.0,3.8,23513.0,4.6,-3544.0,-0.9,29946.0,5.0,-9978.0,-1.3
VENUE 2 BEVERAGE,50407.0,9.5,30930.0,6.1,19477.0,3.4,30507.0,5.1,19900.0,4.3
VENUE 3 BEVERAGE,1828.0,0.3,2274.0,0.4,-446.0,-0.1,966.0,0.2,862.0,0.2
VENUE 6 BEVERAGE,8209.0,1.5,4504.0,0.9,3705.0,0.7,3496.0,0.6,4713.0,1.0
VENUE 7 BEVERAGE,26302.0,4.9,24510.0,4.8,1792.0,0.1,22281.0,3.8,4021.0,1.2
VENUE 8 BEVERAGE,504.0,0.1,0.0,0.0,504.0,0.1,0.0,0.0,504.0,0.1
BANQUET & CATERING BEVERAGE,44984.0,8.5,27543.0,5.4,17441.0,3.1,63701.0,10.7,-18717.0,-2.3
TOTAL F&B BEVERAGE REVENUE,152203.0,28.6,113273.0,22.2,38930.0,6.4,150897.0,25.4,1305.0,3.2
TOTAL F&B  REVENUE,431863.0,81.3,405432.0,79.5,26431.0,1.8,404672.0,68.1,27191.0,13.1
MEETING RENTAL AND SETUP CHARGES,3621.0,0.7,20962.0,4.1,-17342.0,-3.4,79561.0,13.4,-75940.0,-12.7
AV RENTAL,28949.0,5.4,21442.0,4.2,7506.0,1.2,33832.0,5.7,-4883.0,-0.2
BANQUET OTHER,5110.0,1.0,4359.0,0.9,751.0,0.1,6715.0,1.1,-1605.0,-0.2
SERVICE CHARGES,58925.0,11.1,53188.0,10.4,5737.0,0.7,66232.0,11.1,-7307.0,-0.1
OTHER,3919.0,0.7,4872.0,1.0,-952.0,-0.2,3340.0,0.6,579.0,0.2
ALLOWANCES & DISCOUNTS,-919.0,-0.2,0.0,0.0,-919.0,-0.2,-249.0,0.0,-670.0,-0.1
TOTAL F&B OTHER REVENUE,99605.0,18.7,104823.0,20.5,-5218.0,-1.8,189431.0,31.9,-89826.0,-13.1
TOTAL F&B DEPARTMENT REVENUE,531469.0,41.7,510255.0,41.6,21213.0,0.1,594104.0,46.1,-62635.0,-4.4
FOOD COS,79856.0,28.6,77629.0,26.6,2227.0,2.0,82176.0,32.4,-2320.0,-3.8
LIQUOR COST,14626.0,9.6,10881.0,9.6,3745.0,0.0,14810.0,9.8,-184.0,-0.2
BEER COST,7391.0,4.9,5704.0,5.0,1687.0,-0.2,7695.0,5.1,-305.0,-0.2
WINE COST,7185.0,4.7,2557.0,2.3,4628.0,2.5,3713.0,2.5,3472.0,2.3
TOTAL BEVERAGE COS,29201.0,19.2,19142.0,16.9,10060.0,2.3,26219.0,17.4,2983.0,1.8
AV RENTAL COS,17968.0,3.4,13028.0,2.6,4940.0,0.8,21435.0,3.6,-3466.0,-0.2
OTHER REVENUE COS,8241.0,8.3,1622.0,1.5,6619.0,6.7,2689.0,1.4,5552.0,6.9
TOTAL F&B COST OF SALES,135267.0,25.5,111421.0,21.8,23846.0,3.6,132519.0,22.3,2749.0,3.1
TOTAL F&B GROSS PROFIT,396201.0,74.5,398834.0,78.2,-2633.0,-3.6,461585.0,77.7,-65384.0,-3.1
SOUS CHEF,0.0,0.0,14123.0,2.8,-14123.0,-2.8,6221.0,1.0,-6221.0,-1.0
EXECUTIVE CHEF,7582.0,1.4,7535.0,1.5,47.0,-0.1,0.0,0.0,7582.0,1.4
EXECUTIVE SOUS CHEF,6585.0,1.2,6553.0,1.3,32.0,0.0,0.0,0.0,6585.0,1.2
TOTAL F&B KITCHEN MANAGEMENT,14168.0,2.7,28211.0,5.5,-14044.0,-2.9,6221.0,1.0,7946.0,1.6
MANAGER,21989.0,4.1,26033.0,5.1,-4045.0,-1.0,22546.0,3.8,-558.0,0.3
ASSIST MANAGER,5637.0,1.1,8844.0,1.7,-3206.0,-0.7,3415.0,0.6,2222.0,0.5
RESTAURANT MANAGER NE,5676.0,1.1,6160.0,1.2,-484.0,-0.1,8408.0,1.4,-2731.0,-0.3
F&B DIRECTOR,8901.0,1.7,8845.0,1.7,56.0,-0.1,9632.0,1.6,-731.0,0.1
TOTAL F&B SERVICE MANAGEMENT,42204.0,7.9,49882.0,9.8,-7679.0,-1.8,44001.0,7.4,-1798.0,0.5
TOTAL F&B MANAGEMENT,56371.0,10.6,78094.0,15.3,-21723.0,-4.7,50223.0,8.5,6148.0,2.2
COOK,61312.0,11.5,33916.0,6.6,27397.0,4.9,32203.0,5.4,29109.0,6.1
STEWARD,8218.0,1.5,13493.0,2.6,-5275.0,-1.1,3876.0,0.7,4342.0,0.9
KITCHEN SUPERVISOR,2080.0,0.4,11319.0,2.2,-9239.0,-1.8,10178.0,1.7,-8098.0,-1.3
CHIEF STEWARD,4683.0,0.9,4886.0,1.0,-203.0,-0.1,0.0,0.0,4683.0,0.9
TOTAL F&B KITCHEN NON-MANAGEMENT,76294.0,14.4,63614.0,12.5,12680.0,1.9,46258.0,7.8,30036.0,6.6
SERVERS,13967.0,2.6,10733.0,2.1,3234.0,0.5,11649.0,2.0,2318.0,0.7
BUSSERS,5134.0,1.0,4809.0,0.9,324.0,0.0,3858.0,0.6,1276.0,0.3
RUNNER,0.0,0.0,3016.0,0.6,-3016.0,-0.6,0.0,0.0,0.0,0.0
CASHIER,12906.0,2.4,5170.0,1.0,7736.0,1.4,4586.0,0.8,8320.0,1.7
BARTENDERS,11136.0,2.1,11132.0,2.2,4.0,-0.1,9868.0,1.7,1268.0,0.4
BARBACKS,2239.0,0.4,4860.0,1.0,-2621.0,-0.5,2949.0,0.5,-710.0,-0.1
HOSTS,5164.0,1.0,8187.0,1.6,-3023.0,-0.6,3608.0,0.6,1556.0,0.4
SUPERVISOR,5166.0,1.0,13409.0,2.6,-8243.0,-1.7,10159.0,1.7,-4993.0,-0.7
BANQUET SETUP/BREAKDOWN,5119.0,1.0,2092.0,0.4,3028.0,0.6,3526.0,0.6,1593.0,0.4
ADMINISTRATIVE SUPPORT,3342.0,0.6,2726.0,0.5,616.0,0.1,3015.0,0.5,327.0,0.1
TOTAL F&B VENUE NON-MANAGEMENT,64172.0,12.1,66133.0,13.0,-1961.0,-0.9,53218.0,9.0,10954.0,3.1
TOTAL F&B NON-MANAGEMENT,140466.0,26.4,129748.0,25.4,10719.0,1.0,99476.0,16.7,40991.0,9.7
SUBTOTAL: F&B SALARIES & WAGES,196837.0,37.0,207841.0,40.7,-11004.0,-3.7,149698.0,25.2,47139.0,11.8
SERVICE CHARGES DISTRIBUTED,39563.0,7.4,28301.0,5.5,11261.0,1.9,37490.0,6.3,2072.0,1.1
TOTAL F&B SERVICE CHARGE,39563.0,7.4,28301.0,5.5,11261.0,1.9,37490.0,6.3,2072.0,1.1
BONUS/INCENTIVES - BANQUETS AND CATERING,2304.0,0.4,1688.0,0.3,616.0,0.1,1481.0,0.2,823.0,0.2
TOTAL F&B BONUS,2304.0,0.4,1688.0,0.3,616.0,0.1,1481.0,0.2,823.0,0.2
CONTRACTED/LEASED & OUTSOURCED LABOR,23477.0,4.4,32335.0,6.3,-8858.0,-1.9,92485.0,15.6,-69008.0,-11.1
TOTAL F&B CONTRACT LABOR,23477.0,4.4,32335.0,6.3,-8858.0,-1.9,92485.0,15.6,-69008.0,-11.1
"TOTAL F&B SALARIES, WAGES, SC, CONTRACT & BONUS",262181.0,49.3,270166.0,52.9,-7985.0,-3.6,281155.0,47.3,-18973.0,2.0
PAYROLL TAXES,17786.0,3.3,20262.0,4.0,-2477.0,-0.6,14091.0,2.4,3695.0,1.0
TOTAL F&B TAXES,17786.0,3.3,20262.0,4.0,-2477.0,-0.6,14091.0,2.4,3695.0,1.0
SUPPLEMENTAL PAY,14521.0,2.7,8682.0,1.7,5839.0,1.0,8525.0,1.4,5997.0,1.3
PTO PAY,9057.0,1.7,5676.0,1.1,3381.0,0.6,6527.0,1.1,2530.0,0.6
TOTAL F&B SUPPLEMENTAL PAY,23578.0,4.4,14358.0,2.8,9221.0,1.6,15051.0,2.5,8527.0,1.9
WORKERS COMP,9070.0,1.7,3878.0,0.8,5192.0,0.9,6099.0,1.0,2971.0,0.7
HEALTH INSURANCE,-11427.0,-2.1,22966.0,4.5,-34393.0,-6.7,23519.0,4.0,-34946.0,-6.1
401K,739.0,0.1,648.0,0.1,91.0,0.0,465.0,0.1,275.0,0.1
EMPLOYEE BENEFITS,241.0,0.0,112.0,0.0,130.0,0.0,82.0,0.0,159.0,0.0
EMPLOYEE MEALS,4268.0,0.8,3873.0,0.8,395.0,0.0,2056.0,0.3,2212.0,0.5
TOTAL F&B BENEFITS,2892.0,0.5,31477.0,6.2,-28585.0,-5.6,32220.0,5.4,-29329.0,-4.9
TOTAL F&B PAYROLL RELATED,44256.0,8.3,66097.0,13.0,-21841.0,-4.6,61363.0,10.3,-17107.0,-2.0
TOTAL F&B LABOR & RELATED,306437.0,57.7,336263.0,65.9,-29826.0,-8.2,342517.0,57.7,-36080.0,0.0
COMP SERVICES & GIFTS,1144.0,0.2,2000.0,0.4,-856.0,-0.2,2673.0,0.4,-1529.0,-0.2
CLEANING SUPPLIES,833.0,0.2,880.0,0.2,-47.0,0.0,24.0,0.0,809.0,0.2
CONTRACT SERVICES,11556.0,2.2,10250.0,2.0,1306.0,0.2,8843.0,1.5,2713.0,0.7
DECORATIONS,739.0,0.1,0.0,0.0,739.0,0.1,0.0,0.0,739.0,0.1
DISHWASHING SUPPLIES,438.0,0.1,1466.0,0.3,-1028.0,-0.2,0.0,0.0,438.0,0.1
DUES & SUBSCRIPTIONS,1613.0,0.3,1176.0,0.2,437.0,0.1,1176.0,0.2,437.0,0.1
EMP TRAIN & DEVELOP,0.0,0.0,175.0,0.0,-175.0,0.0,0.0,0.0,0.0,0.0
EQUIPMENT RENTAL,2674.0,0.5,4655.0,0.9,-1981.0,-0.4,4655.0,0.8,-1981.0,-0.3
KITCHEN FUEL,763.0,0.1,742.0,0.1,21.0,0.0,311.0,0.1,452.0,0.1
LAUNDRY & DRY CLEANING,3346.0,0.6,2496.0,0.5,850.0,0.1,0.0,0.0,3346.0,0.6
LICENSES & PERMITS,320.0,0.1,483.0,0.1,-163.0,0.0,483.0,0.1,-163.0,0.0
MISCELLANEOUS,1878.0,0.4,750.0,0.1,1128.0,0.2,691.0,0.1,1188.0,0.2
MUSIC & ENTERTAINMENT,11125.0,2.1,7000.0,1.4,4125.0,0.7,20407.0,3.4,-9282.0,-1.3
OPERATING SUPPLIES,2246.0,0.4,990.0,0.2,1256.0,0.2,1003.0,0.2,1242.0,0.3
PAPER SUPPLIES,6424.0,1.2,5131.0,1.0,1293.0,0.2,5656.0,1.0,768.0,0.3
T&E - OTHER,0.0,0.0,0.0,0.0,0.0,0.0,777.0,0.1,-777.0,-0.1
UNIFORM CLEANING,0.0,0.0,0.0,0.0,0.0,0.0,179.0,0.0,-179.0,0.0
DEPARTMENTAL ALLOCATION,0.0,0.0,0.0,0.0,0.0,0.0,2462.0,0.4,-2462.0,-0.4
TOTAL F&B OTHER EXPENSES,45099.0,8.5,38194.0,7.5,6905.0,1.0,49340.0,8.3,-4241.0,0.2
TOTAL F&B EXPENSE,486803.0,91.6,485878.0,95.2,925.0,-3.6,524376.0,88.3,-37573.0,3.3
TOTAL F&B PROFIT,44665.0,8.4,24377.0,4.8,20288.0,3.6,69728.0,11.7,-25062.0,-3.3
EXECUTIVE CHEF,7582.0,1.4,7535.0,1.5,47.0,-0.1,0.0,0.0,7582.0,1.4
EXECUTIVE SOUS CHEF,6585.0,1.2,6553.0,1.3,32.0,0.0,0.0,0.0,6585.0,1.2
TOTAL FOOD & BEVERAGE ADMIN KITCHEN MANAGEMENT,14168.0,2.7,14088.0,2.8,79.0,-0.1,0.0,0.0,14168.0,2.7
F&B DIRECTOR,8901.0,1.7,8845.0,1.7,56.0,-0.1,9632.0,1.6,-731.0,0.1
DIRECTOR OF RESTAURANTS,5931.0,1.1,5570.0,1.1,361.0,0.0,5895.0,1.0,36.0,0.1
ADMINISTRATIVE SUPPORT,3342.0,0.6,2726.0,0.5,616.0,0.1,3015.0,0.5,327.0,0.1
TOTAL FOOD & BEVERAGE ADMIN SERVICE MANAGEMENT,18174.0,3.4,17141.0,3.4,1033.0,0.1,18542.0,3.1,-368.0,0.3
TOTAL FOOD & BEVERAGE ADMIN MANAGEMENT,32342.0,6.1,31229.0,6.1,1112.0,0.0,18542.0,3.1,13800.0,3.0
CHIEF STEWARD,4683.0,0.9,4886.0,1.0,-203.0,-0.1,0.0,0.0,4683.0,0.9
KITCHEN-COOK,36115.0,6.8,10878.0,2.1,25236.0,4.7,8794.0,1.5,27320.0,5.3
KITCHEN-STEWARD,1146.0,0.2,2326.0,0.5,-1180.0,-0.2,1558.0,0.3,-412.0,0.0
KITCHEN SUPERVISOR,0.0,0.0,3027.0,0.6,-3027.0,-0.6,5568.0,0.9,-5568.0,-0.9
SUPERVISOR,0.0,0.0,0.0,0.0,0.0,0.0,1017.0,0.2,-1017.0,-0.2
TOTAL FOOD & BEVERAGE ADMIN KITCHEN NON-MANAGEMENT,41944.0,7.9,21117.0,4.1,20827.0,3.8,16938.0,2.9,25006.0,5.0
SOUS CHEF,0.0,0.0,3058.0,0.6,-3058.0,-0.6,3058.0,0.5,-3058.0,-0.5
TOTAL FOOD & BEVERAGE ADMIN VENUES NON-MANAGEMENT,0.0,0.0,3058.0,0.6,-3058.0,-0.6,3058.0,0.5,-3058.0,-0.5
TOTAL FOOD & BEVERAGE ADMIN NON-MANAGEMENT,41944.0,7.9,24175.0,4.7,17769.0,3.2,19995.0,3.4,21949.0,4.5
SUBTOTAL: FOOD & BEVERAGE ADMIN SALARIES & WAGES,74286.0,14.0,55404.0,10.9,18881.0,3.1,38537.0,6.5,35748.0,7.5
SERVICE CHARGES DISTRIBUTED,120.0,0.0,1207.0,0.2,-1087.0,-0.2,1207.0,0.2,-1087.0,-0.2
TOTAL FOOD & BEVERAGE ADMIN SERVICE CHARGES,120.0,0.0,1207.0,0.2,-1087.0,-0.2,1207.0,0.2,-1087.0,-0.2
BONUS/INCENTIVES - FOOD AND BEVERAGE ADMIN,2304.0,0.4,1688.0,0.3,616.0,0.1,1481.0,0.2,823.0,0.2
TOTAL FOOD & BEVERAGE ADMIN BONUS,2304.0,0.4,1688.0,0.3,616.0,0.1,1481.0,0.2,823.0,0.2
CONTRACTED/LEASED & OUTSOURCED LABOR,15302.0,2.9,18216.0,3.6,-2914.0,-0.7,84867.0,14.3,-69565.0,-11.4
TOTAL FOOD & BEVERAGE CONTRACT LABOR,15302.0,2.9,18216.0,3.6,-2914.0,-0.7,84867.0,14.3,-69565.0,-11.4
"TOTAL FOOD & BEVERAGE ADMIN SALARIES, WAGES, SC, CONTRACT & BONUS",92013.0,17.3,76516.0,15.0,15497.0,2.3,126093.0,21.2,-34080.0,-3.9
PAYROLL TAXES,4155.0,0.8,5739.0,1.1,-1583.0,-0.3,2836.0,0.5,1319.0,0.3
TOTAL FOOD & BEVERAGE ADMIN PAYROLL TAXES,4155.0,0.8,5739.0,1.1,-1583.0,-0.3,2836.0,0.5,1319.0,0.3
SUPPLEMENTAL PAY,4568.0,0.9,1875.0,0.4,2694.0,0.5,2614.0,0.4,1954.0,0.4
PTO PAY,2761.0,0.5,1507.0,0.3,1254.0,0.2,2039.0,0.3,722.0,0.2
TOTAL FOOD & BEVERAGE ADMIN SUPPLEMENTAL PAY,7329.0,1.4,3382.0,0.7,3947.0,0.7,4654.0,0.8,2676.0,0.6
WORKERS COMP,1114.0,0.2,582.0,0.1,532.0,0.1,1101.0,0.2,13.0,0.0
HEALTH INSURANCE,-1217.0,-0.2,3688.0,0.7,-4905.0,-1.0,6116.0,1.0,-7333.0,-1.3
401K,475.0,0.1,352.0,0.1,123.0,0.0,273.0,0.0,202.0,0.0
EMPLOYEE MEALS,1096.0,0.2,686.0,0.1,410.0,0.1,24.0,0.0,1072.0,0.2
EMPLOYEE BENEFITS,51.0,0.0,36.0,0.0,15.0,0.0,20.0,0.0,31.0,0.0
TOTAL FOOD & BEVERAGE ADMIN BENEFITS,1519.0,0.3,5343.0,1.0,-3825.0,-0.8,7535.0,1.3,-6016.0,-1.0
TOTAL FOOD & BEVERAGE ADMIN TAXES & BENEFITS,13003.0,2.4,14464.0,2.8,-1460.0,-0.4,15025.0,2.5,-2021.0,-0.1
"TOTAL FOOD & BEVERAGE ADMIN PAYROLL, TAXES & BENEFITS",105016.0,19.8,90980.0,17.8,14036.0,1.9,141117.0,23.8,-36101.0,-4.0
CLEANING SUPPLIES,833.0,0.2,880.0,0.2,-47.0,0.0,24.0,0.0,809.0,0.2
COMP FOOD & BEVERAGE,1144.0,0.2,2000.0,0.4,-856.0,-0.2,2673.0,0.4,-1529.0,-0.2
CONTRACT SERVICES,11556.0,2.2,10250.0,2.0,1306.0,0.2,8843.0,1.5,2713.0,0.7
DECORATIONS,272.0,0.1,0.0,0.0,272.0,0.1,0.0,0.0,272.0,0.1
DISHWASHING SUPPLIES,438.0,0.1,1466.0,0.3,-1028.0,-0.2,0.0,0.0,438.0,0.1
DUES & SUBSCRIPTIONS,1347.0,0.3,483.0,0.1,864.0,0.2,483.0,0.1,864.0,0.2
EMP TRAIN & DEVELOP,0.0,0.0,175.0,0.0,-175.0,0.0,0.0,0.0,0.0,0.0
EQUIPMENT RENTAL,2674.0,0.5,4655.0,0.9,-1981.0,-0.4,4655.0,0.8,-1981.0,-0.3
KITCHEN FUEL,763.0,0.1,742.0,0.1,21.0,0.0,311.0,0.1,452.0,0.1
LAUNDRY & DRY CLEANING,3346.0,0.6,2496.0,0.5,850.0,0.1,0.0,0.0,3346.0,0.6
LAUNDRY ALLOCATION,0.0,0.0,0.0,0.0,0.0,0.0,2462.0,0.4,-2462.0,-0.4
LICENSES & PERMITS,320.0,0.1,483.0,0.1,-163.0,0.0,483.0,0.1,-163.0,0.0
MISCELLANEOUS,1878.0,0.4,750.0,0.1,1128.0,0.2,691.0,0.1,1188.0,0.2
MUSIC & ENTERTAINMENT,5000.0,0.9,3500.0,0.7,1500.0,0.3,15407.0,2.6,-10407.0,-1.7
OPERATING SUPPLIES,2246.0,0.4,990.0,0.2,1256.0,0.2,1003.0,0.2,1242.0,0.3
PAPER/PLASTICS SUPPLIES,6424.0,1.2,5131.0,1.0,1293.0,0.2,5656.0,1.0,768.0,0.3
T&E - OTHER,0.0,0.0,0.0,0.0,0.0,0.0,777.0,0.1,-777.0,-0.1
UNIFORM CLEANING,0.0,0.0,0.0,0.0,0.0,0.0,179.0,0.0,-179.0,0.0
TOTAL FOOD & BEVERAGE ADMIN OTHER EXPENSES,38242.0,7.2,34001.0,6.7,4241.0,0.5,43647.0,7.3,-5406.0,-0.2
BREAKFAST,12935.0,29.1,13257.0,18.5,-322.0,10.6,11398.0,18.2,1536.0,10.9
LUNCH,7093.0,16.0,14193.0,19.8,-7101.0,-3.9,11113.0,17.7,-4021.0,-1.8
DINNER,4541.0,10.2,20610.0,28.8,-16069.0,-18.6,10381.0,16.6,-5840.0,-6.3
TOTAL License to Chill  FOOD,24568.0,55.3,48060.0,67.1,-23492.0,-11.9,32892.0,52.5,-8325.0,2.8
LIQUOR,14322.0,32.2,16929.0,23.7,-2607.0,8.6,20937.0,33.4,-6616.0,-1.2
BEER,3678.0,8.3,4467.0,6.2,-789.0,2.0,6292.0,10.0,-2614.0,-1.8
WINE,1969.0,4.4,2116.0,3.0,-147.0,1.5,2717.0,4.3,-748.0,0.1
TOTAL License to Chill  BEVERAGE,19969.0,44.9,23513.0,32.9,-3544.0,12.1,29946.0,47.8,-9978.0,-2.9
SERVICE CHARGES,0.0,0.0,0.0,0.0,0.0,0.0,9.0,0.0,-9.0,0.0
ALLOWANCES,-89.0,-0.2,0.0,0.0,-89.0,-0.2,-179.0,-0.3,90.0,0.1
TOTAL License to Chill OTHER,-89.0,-0.2,0.0,0.0,-89.0,-0.2,-170.0,-0.3,80.0,0.1
TOTAL License to Chill  REVENUE,44447.0,100.0,71573.0,100.0,-27125.0,0.0,62669.0,100.0,-18222.0,0.0
MANAGER,3500.0,7.9,3942.0,5.5,-441.0,2.4,4473.0,7.1,-972.0,0.7
ASSISTANT MANAGER,0.0,0.0,2948.0,4.1,-2948.0,-4.1,2769.0,4.4,-2769.0,-4.4
TOTAL VENUE 1 SERVICE MANAGEMENT,3500.0,7.9,6889.0,9.6,-3389.0,-1.8,7242.0,11.6,-3742.0,-3.7
TOTAL VENUE 1 MANAGEMENT,3500.0,7.9,6889.0,9.6,-3389.0,-1.8,7242.0,11.6,-3742.0,-3.7
SOUS CHEF,0.0,0.0,3604.0,5.0,-3604.0,-5.0,0.0,0.0,0.0,0.0
COOKS,3597.0,8.1,5959.0,8.3,-2363.0,-0.2,7370.0,11.8,-3773.0,-3.7
STEWARDS,1449.0,3.3,6274.0,8.8,-4824.0,-5.5,2318.0,3.7,-869.0,-0.4
KITCHEN SUPERVISOR,0.0,0.0,3027.0,4.2,-3027.0,-4.2,4223.0,6.7,-4223.0,-6.7
TOTAL VENUE 1 KITCHEN NON-MANAGEMENT,5046.0,11.4,18863.0,26.4,-13817.0,-15.0,13911.0,22.2,-8865.0,-10.8
SERVERS,2308.0,5.2,2208.0,3.1,100.0,2.1,2869.0,4.6,-561.0,0.6
BUSSERS,1946.0,4.4,1794.0,2.5,152.0,1.9,672.0,1.1,1274.0,3.3
BARTENDERS,2310.0,5.2,2383.0,3.3,-73.0,1.9,3464.0,5.5,-1154.0,-0.3
BARBACKS,1157.0,2.6,1435.0,2.0,-278.0,0.6,1756.0,2.8,-599.0,-0.2
HOSTS,1440.0,3.2,1965.0,2.7,-525.0,0.5,801.0,1.3,639.0,2.0
SUPERVISOR,614.0,1.4,2774.0,3.9,-2161.0,-2.5,3939.0,6.3,-3326.0,-4.9
TOTAL VENUE 1 VENUE NON-MANAGEMENT,9775.0,22.0,12559.0,17.5,-2784.0,4.4,13501.0,21.5,-3727.0,0.4
TOTAL VENUE 1 NON-MANAGEMENT,14821.0,33.3,31422.0,43.9,-16601.0,-10.6,27413.0,43.7,-12592.0,-10.4
SUBTOTAL: VENUE 1 SALARIES & WAGES,18321.0,41.2,38312.0,53.5,-19991.0,-12.3,34654.0,55.3,-16334.0,-14.1
CONTRACTED/LEASED & OUTSOURCED LABOR,2392.0,5.4,0.0,0.0,2392.0,5.4,0.0,0.0,2392.0,5.4
TOTAL VENUE 1 CONTRACT LABOR,2392.0,5.4,0.0,0.0,2392.0,5.4,0.0,0.0,2392.0,5.4
"TOTAL VENUE 1 SALARIES, WAGES, SC, CONTRACT & BONUS",20713.0,46.6,38312.0,53.5,-17599.0,-6.9,34654.0,55.3,-13942.0,-8.7
PAYROLL TAXES,2157.0,4.9,2873.0,4.0,-716.0,0.8,3217.0,5.1,-1060.0,-0.3
TOTAL VENUE 1 TAXES,2157.0,4.9,2873.0,4.0,-716.0,0.8,3217.0,5.1,-1060.0,-0.3
SUPPLEMENTAL PAY,4136.0,0.0,1866.0,0.0,2270.0,0.0,1616.0,0.0,2520.0,0.0
PTO PAY,1179.0,2.7,1199.0,1.7,-20.0,1.0,767.0,1.2,412.0,1.4
TOTAL VENUE 1 SUPPLEMENTAL PAY,5315.0,12.0,3065.0,4.3,2250.0,7.7,2383.0,3.8,2932.0,8.2
WORKERS COMP,2540.0,5.7,510.0,0.7,2030.0,5.0,1084.0,1.7,1456.0,4.0
HEALTH INSURANCE,-2689.0,-6.0,5084.0,7.1,-7772.0,-13.2,5987.0,9.6,-8676.0,-15.6
401K,26.0,0.1,27.0,0.0,-1.0,0.0,30.0,0.0,-4.0,0.0
EMPLOYEE MEALS,650.0,1.5,714.0,1.0,-63.0,0.5,44.0,0.1,606.0,1.4
EMPLOYEE BENEFITS,30.0,0.1,30.0,0.0,0.0,0.0,23.0,0.0,7.0,0.0
TOTAL VENUE 1 BENEFITS,557.0,1.3,6364.0,8.9,-5807.0,-7.6,7168.0,11.4,-6610.0,-10.2
TOTAL VENUE 1 PAYROLL RELATED,8030.0,18.1,12303.0,17.2,-4272.0,0.9,12769.0,20.4,-4738.0,-2.3
TOTAL VENUE 1 LABOR & RELATED,28743.0,64.7,50614.0,70.7,-21871.0,-6.1,47423.0,75.7,-18680.0,-11.0
DUES & SUBSCRIPTIONS,0.0,0.0,265.0,0.4,-265.0,-0.4,265.0,0.4,-265.0,-0.4
TOTAL License to Chill  EXPENSE,28743.0,64.7,69865.0,97.6,-41122.0,-32.9,47688.0,76.1,-18946.0,-11.4
TOTAL License to Chill  PROFIT,15705.0,35.3,1708.0,2.4,13997.0,32.9,14981.0,23.9,724.0,11.4
BREAKFAST,28.0,0.0,0.0,0.0,28.0,0.0,-69.0,-0.1,97.0,0.1
LUNCH,26720.0,24.3,22124.0,24.3,4596.0,0.0,20502.0,27.3,6219.0,-3.0
DINNER,32608.0,29.7,36097.0,39.7,-3489.0,-10.0,22985.0,30.7,9622.0,-0.9
TOTAL Landshark FOOD,59356.0,54.1,58221.0,64.0,1135.0,-9.9,43418.0,57.9,15938.0,-3.8
LIQUOR,32984.0,30.0,22579.0,24.8,10405.0,5.2,20913.0,27.9,12070.0,2.2
BEER,15913.0,14.5,7732.0,8.5,8181.0,6.0,8714.0,11.6,7200.0,2.9
WINE,1510.0,1.4,619.0,0.7,891.0,0.7,880.0,1.2,630.0,0.2
TOTAL Landshark BEVERAGE,50407.0,45.9,30930.0,34.0,19477.0,11.9,30507.0,40.7,19900.0,5.2
ALLOWANCES,-749.0,-0.7,0.0,0.0,-749.0,-0.7,-52.0,-0.1,-696.0,-0.6
OTHER,757.0,0.7,1819.0,2.0,-1061.0,-1.3,1117.0,1.5,-360.0,-0.8
TOTAL Landshark OTHER,9.0,0.0,1819.0,2.0,-1810.0,-2.0,1065.0,1.4,-1056.0,-1.4
TOTAL Landshark REVENUE,109771.0,100.0,90970.0,100.0,18802.0,0.0,74990.0,100.0,34782.0,0.0
FOOD,17587.0,29.6,16593.0,28.5,994.0,1.1,16433.0,37.8,1154.0,-8.2
LIQUOR,5590.0,16.9,3387.0,15.0,2203.0,1.9,3238.0,15.5,2352.0,1.5
BEER,2430.0,15.3,1392.0,18.0,1039.0,-2.7,1852.0,21.2,579.0,-6.0
WINE,206.0,13.6,133.0,21.5,73.0,-7.9,183.0,20.8,22.0,-7.2
OTHER,7720.0,7.0,909.0,1.0,6811.0,6.0,661.0,0.9,7059.0,6.2
TOTAL VENUE 2 COST OF SALES,33533.0,30.5,22414.0,24.6,11119.0,5.9,22367.0,29.8,11166.0,0.7
TOTAL VENUE 2 GROSS PROFIT,76238.0,69.5,68556.0,75.4,7683.0,-5.9,52623.0,70.2,23616.0,-0.7
MANAGER,2029.0,1.8,4451.0,4.9,-2423.0,-3.0,3124.0,4.2,-1095.0,-2.3
ASSISTANT MANAGER,5267.0,4.8,5896.0,6.5,-629.0,-1.7,646.0,0.9,4620.0,3.9
TOTAL VENUE 2 SERVICE MANAGEMENT,7295.0,6.6,10347.0,11.4,-3052.0,-4.7,3770.0,5.0,3525.0,1.6
TOTAL VENUE 2 MANAGEMENT,7295.0,6.6,10347.0,11.4,-3052.0,-4.7,3770.0,5.0,3525.0,1.6
SOUS CHEF,0.0,0.0,3203.0,3.5,-3203.0,-3.5,554.0,0.7,-554.0,-0.7
COOKS,15606.0,14.2,9024.0,9.9,6581.0,4.3,11699.0,15.6,3907.0,-1.4
STEWARDS,7038.0,6.4,4893.0,5.4,2144.0,1.0,0.0,0.0,7038.0,6.4
KITCHEN SUPERVISOR,2080.0,1.9,5266.0,5.8,-3185.0,-3.9,387.0,0.5,1693.0,1.4
TOTAL VENUE 2 KITCHEN NON-MANAGEMENT,24724.0,22.5,22386.0,24.6,2337.0,-2.1,12640.0,16.9,12084.0,5.7
SERVERS,5121.0,4.7,3548.0,3.9,1574.0,0.8,2898.0,3.9,2223.0,0.8
BUSSERS,3188.0,2.9,3016.0,3.3,172.0,-0.4,3185.0,4.2,2.0,-1.3
RUNNERS,0.0,0.0,3016.0,3.3,-3016.0,-3.3,0.0,0.0,0.0,0.0
BARTENDERS,4157.0,3.8,4278.0,4.7,-121.0,-0.9,2452.0,3.3,1705.0,0.5
BARBACKS,339.0,0.3,2320.0,2.6,-1981.0,-2.2,531.0,0.7,-192.0,-0.4
HOSTS,3724.0,3.4,6222.0,6.8,-2499.0,-3.4,2807.0,3.7,917.0,-0.4
SUPERVISOR,1786.0,1.6,5253.0,5.8,-3467.0,-4.1,2182.0,2.9,-396.0,-1.3
TOTAL VENUE 2 VENUE NON-MANAGEMENT,18315.0,16.7,27652.0,30.4,-9338.0,-13.7,14056.0,18.7,4259.0,-2.1
TOTAL VENUE 2 NON-MANAGEMENT,43038.0,0.0,50039.0,0.0,-7000.0,0.0,26695.0,0.0,16343.0,0.0
SUBTOTAL: VENUE 2 VENUE SALARIES & WAGES,50333.0,45.9,60386.0,66.4,-10052.0,-20.5,30466.0,40.6,19868.0,5.2
CONTRACTED/LEASED & OUTSOURCED LABOR,3388.0,3.1,3319.0,3.6,69.0,-0.6,5765.0,7.7,-2377.0,-4.6
TOTAL VENUE 2 CONTRACT LABOR,3388.0,3.1,3319.0,3.6,69.0,-0.6,5765.0,7.7,-2377.0,-4.6
"TOTAL VENUE 2 SALARIES, WAGES, SC, CONTRACT & BONUS",53721.0,48.9,63704.0,70.0,-9983.0,-21.1,36230.0,48.3,17491.0,0.6
PAYROLL TAXES,5082.0,4.6,4778.0,5.3,305.0,-0.6,3488.0,4.7,1595.0,0.0
TOTAL VENUE 2 TAXES,5082.0,4.6,4778.0,5.3,305.0,-0.6,3488.0,4.7,1595.0,0.0
SUPPLEMENTAL PAY,2950.0,2.7,2400.0,2.6,550.0,0.0,1605.0,2.1,1346.0,0.5
PTO PAY,1957.0,1.8,1223.0,1.3,733.0,0.4,1464.0,2.0,492.0,-0.2
TOTAL VENUE 2 SUPPLEMENTAL PAY,4907.0,4.5,3623.0,4.0,1284.0,0.5,3069.0,4.1,1838.0,0.4
WORKERS COMP,2192.0,2.0,1370.0,1.5,822.0,0.5,1675.0,2.2,517.0,-0.2
HEALTH INSURANCE,-2076.0,-1.9,4695.0,5.2,-6771.0,-7.1,4076.0,5.4,-6152.0,-7.3
401K,166.0,0.2,191.0,0.2,-26.0,-0.1,161.0,0.2,4.0,-0.1
EMPLOYEE MEALS,1299.0,1.2,1323.0,1.5,-24.0,-0.3,487.0,0.6,812.0,0.5
EMPLOYEE BENEFITS,92.0,0.1,30.0,0.0,62.0,0.1,21.0,0.0,71.0,0.1
TOTAL VENUE 2 BENEFITS,1673.0,1.5,7609.0,8.4,-5936.0,-6.8,6420.0,8.6,-4747.0,-7.0
TOTAL VENUE 2 PAYROLL RELATED,11662.0,10.6,16010.0,17.6,-4347.0,-7.0,12976.0,17.3,-1314.0,-6.7
TOTAL VENUE 2 LABOR & RELATED,65383.0,59.6,79714.0,87.6,-14331.0,-28.1,49207.0,65.6,16177.0,-6.1
DUES & SUBSCRIPTIONS,265.0,0.2,0.0,0.0,265.0,0.2,0.0,0.0,265.0,0.2
MUSIC/ENTERTAINMENT,6125.0,5.6,3500.0,3.8,2625.0,1.7,5000.0,6.7,1125.0,-1.1
TOTAL Landshark OTHER EXPENSES,6390.0,5.8,3500.0,3.8,2890.0,2.0,5000.0,6.7,1390.0,-0.8
TOTALLandshark EXPENSE,105307.0,95.9,105628.0,116.1,-321.0,-20.2,76574.0,102.1,28733.0,-6.2
TOTAL Landshark PROFIT,4464.0,4.1,-14659.0,-16.1,19123.0,20.2,-1584.0,-2.1,6049.0,6.2
BREAKFAST,12667.0,44.5,10483.0,37.4,2184.0,7.1,8409.0,48.1,4258.0,-3.6
LUNCH,7769.0,27.3,8331.0,29.7,-562.0,-2.4,5840.0,33.4,1929.0,-6.1
DINNER,4526.0,15.9,5356.0,19.1,-830.0,-3.2,1401.0,8.0,3125.0,7.9
TOTALJoe Merchant  FOOD,24962.0,87.8,24170.0,86.2,792.0,1.5,15651.0,89.6,9312.0,-1.8
BEER,1013.0,3.6,1758.0,6.3,-745.0,-2.7,601.0,3.4,412.0,0.1
WINE,815.0,2.9,515.0,1.8,300.0,1.0,365.0,2.1,450.0,0.8
TOTAL Joe Merchant  BEVERAGE,1828.0,6.4,2274.0,8.1,-446.0,-1.7,966.0,5.5,862.0,0.9
ALLOWANCES,-39.0,-0.1,0.0,0.0,-39.0,-0.1,-18.0,-0.1,-21.0,0.0
OTHER,1690.0,5.9,1583.0,5.6,107.0,0.3,874.0,5.0,816.0,0.9
TOTAL Joe Merchant OTHER,1651.0,5.8,1583.0,5.6,68.0,0.2,857.0,4.9,795.0,0.9
TOTAL Joe Merchant REVENUE,28442.0,100.0,28027.0,100.0,415.0,0.0,17473.0,100.0,10968.0,0.0
MANAGER,2629.0,9.2,0.0,0.0,2629.0,9.2,0.0,0.0,2629.0,9.2
TOTAL VENUE 3 SERVICE MANAGEMENT,2629.0,9.2,0.0,0.0,2629.0,9.2,0.0,0.0,2629.0,9.2
TOTAL VENUE 3 MANAGEMENT,2629.0,9.2,0.0,0.0,2629.0,9.2,0.0,0.0,2629.0,9.2
COOKS,5436.0,19.1,5620.0,20.1,-184.0,-0.9,2955.0,16.9,2481.0,2.2
STEWARDS,-1415.0,-5.0,0.0,0.0,-1415.0,-5.0,0.0,0.0,-1415.0,-5.0
TOTAL VENUE 3 KITCHEN NON-MANAGEMENT,4021.0,14.1,5620.0,20.1,-1599.0,-5.9,2955.0,16.9,1066.0,-2.8
CASHIERS,12906.0,45.4,5136.0,18.3,7770.0,27.1,4553.0,26.1,8353.0,19.3
SUPERVISOR,2766.0,9.7,2690.0,9.6,76.0,0.1,887.0,5.1,1879.0,4.6
TOTAL VENUE 3 SERVICE NON-MANAGEMENT,15672.0,55.1,7827.0,27.9,7846.0,27.2,5440.0,31.1,10232.0,24.0
TOTAL VENUE 3 NON-MANAGEMENT,19693.0,69.2,13446.0,48.0,6247.0,21.3,8395.0,48.0,11298.0,21.2
SUBTOTAL: VENUE 3 SALARIES & WAGES,22322.0,78.5,13446.0,48.0,8875.0,30.5,8395.0,48.0,13927.0,30.4
CONTRACTED/LEASED & OUTSOURCED LABOR,837.0,2.9,1037.0,3.7,-199.0,-0.8,0.0,0.0,837.0,2.9
TOTAL VENUE 3 CONTRACT LABOR,837.0,2.9,1037.0,3.7,-199.0,-0.8,0.0,0.0,837.0,2.9
"TOTAL VENUE 3 SALARIES, WAGES, SC, CONTRACT & BONUS",23159.0,81.4,14483.0,51.7,8676.0,29.8,8395.0,48.0,14764.0,33.4
PAYROLL TAXES,1296.0,4.6,1086.0,3.9,210.0,0.7,708.0,4.1,588.0,0.5
TOTAL VENUE 3 TAXES,1296.0,4.6,1086.0,3.9,210.0,0.7,708.0,4.1,588.0,0.5
SUPPLEMENTAL PAY,1307.0,0.0,469.0,0.0,838.0,0.0,216.0,0.0,1091.0,0.0
PTO PAY,973.0,3.4,197.0,0.7,776.0,2.7,68.0,0.4,905.0,3.0
TOTAL VENUE 3 SUPPLEMENTAL PAY,2281.0,8.0,666.0,2.4,1614.0,5.6,284.0,1.6,1996.0,6.4
WORKERS COMP,509.0,1.8,172.0,0.6,337.0,1.2,426.0,2.4,83.0,-0.6
HEALTH INSURANCE,-676.0,-2.4,500.0,1.8,-1176.0,-4.2,751.0,4.3,-1427.0,-6.7
EMPLOYEE MEALS,431.0,1.5,249.0,0.9,182.0,0.6,1303.0,7.5,-872.0,-5.9
EMPLOYEE BENEFITS,16.0,0.1,4.0,0.0,12.0,0.0,4.0,0.0,12.0,0.0
TOTAL VENUE 3 BENEFITS,279.0,1.0,925.0,3.3,-646.0,-2.3,2484.0,14.2,-2205.0,-13.2
TOTAL VENUE 3 PAYROLL RELATED,3856.0,13.6,2678.0,9.6,1178.0,4.0,3476.0,19.9,380.0,-6.3
TOTAL VENUE 3 LABOR & RELATED,27015.0,95.0,17161.0,61.2,9854.0,33.8,11871.0,67.9,15144.0,27.0
TOTAL Joe Merchant  EXPENSE,27015.0,95.0,25564.0,91.2,1451.0,3.8,11871.0,67.9,15144.0,27.0
TOTAL Joe Merchant  PROFIT,1427.0,5.0,2463.0,8.8,-1036.0,-3.8,5602.0,32.1,-4176.0,-27.0
MANAGER,0.0,0.0,3276.0,0.0,-3276.0,0.0,0.0,0.0,0.0,0.0
TOTAL VENUE 4 SERVICE MANAGEMENT,0.0,0.0,3276.0,0.0,-3276.0,0.0,0.0,0.0,0.0,0.0
TOTAL VENUE 4 MANAGEMENT,0.0,0.0,3276.0,0.0,-3276.0,0.0,0.0,0.0,0.0,0.0
SERVERS,0.0,0.0,0.0,0.0,0.0,0.0,623.0,0.0,-623.0,0.0
BARBACKS,0.0,0.0,0.0,0.0,0.0,0.0,0.0,0.0,0.0,0.0
TOTAL VENUE 4 VENUE NON-MANAGEMENT,0.0,0.0,0.0,0.0,0.0,0.0,623.0,0.0,-623.0,0.0
TOTAL VENUE 4 NON-MANAGEMENT,0.0,0.0,0.0,0.0,0.0,0.0,623.0,0.0,-623.0,0.0
SUBTOTAL: VENUE 4 SALARIES & WAGES,0.0,0.0,3276.0,0.0,-3276.0,0.0,623.0,0.0,-623.0,0.0
"TOTAL VENUE 4 SALARIES, WAGES, SC, CONTRACT & BONUS",0.0,0.0,3276.0,0.0,-3276.0,0.0,623.0,0.0,-623.0,0.0
PAYROLL TAXES,0.0,0.0,246.0,0.0,-246.0,0.0,128.0,0.0,-128.0,0.0
TOTAL VENUE 4 TAXES,0.0,0.0,246.0,0.0,-246.0,0.0,128.0,0.0,-128.0,0.0
SUPPLEMENTAL PAY,-571.0,0.0,960.0,0.0,-1531.0,0.0,960.0,0.0,-1531.0,0.0
PTO PAY,576.0,0.0,420.0,0.0,156.0,0.0,420.0,0.0,156.0,0.0
TOTAL VENUE 4 SUPPLEMENTAL PAY,5.0,0.0,1380.0,0.0,-1375.0,0.0,1380.0,0.0,-1375.0,0.0
WORKERS COMP,0.0,0.0,438.0,0.0,-438.0,0.0,438.0,0.0,-438.0,0.0
HEALTH INSURANCE,-27.0,0.0,289.0,0.0,-316.0,0.0,289.0,0.0,-316.0,0.0
EMPLOYEE MEALS,104.0,0.0,8.0,0.0,96.0,0.0,8.0,0.0,96.0,0.0
EMPLOYEE BENEFITS,0.0,0.0,1.0,0.0,-1.0,0.0,1.0,0.0,-1.0,0.0
TOTAL VENUE 4 TAXES,77.0,0.0,736.0,0.0,-660.0,0.0,736.0,0.0,-660.0,0.0
TOTAL VENUE 4 PAYROLL RELATED,82.0,0.0,2362.0,0.0,-2280.0,0.0,2244.0,0.0,-2163.0,0.0
TOTAL VENUE 4 LABOR & RELATED,82.0,0.0,5639.0,0.0,-5557.0,0.0,2867.0,0.0,-2785.0,0.0
TOTAL Lone Palm EXPENSE,82.0,0.0,5639.0,0.0,-5557.0,0.0,2867.0,0.0,-2785.0,0.0
TOTAL Lone Palm PROFIT,-82.0,0.0,-5639.0,0.0,5557.0,0.0,-2867.0,0.0,2785.0,0.0
SUPPLEMENTAL PAY,-66.0,0.0,0.0,0.0,-66.0,0.0,0.0,0.0,-66.0,0.0
PTO PAY,69.0,0.0,0.0,0.0,69.0,0.0,0.0,0.0,69.0,0.0
TOTAL VENUE 5 SUPPLEMENTAL PAY,3.0,0.0,0.0,0.0,3.0,0.0,0.0,0.0,3.0,0.0
HEALTH INSURANCE,0.0,0.0,0.0,0.0,0.0,0.0,0.0,0.0,0.0,0.0
TOTAL VENUE 5 BENEFITS,0.0,0.0,0.0,0.0,0.0,0.0,0.0,0.0,0.0,0.0
TOTAL VENUE 5 PAYROLL RELATED,3.0,0.0,0.0,0.0,3.0,0.0,0.0,0.0,3.0,0.0
TOTAL VENUE 5 LABOR & RELATED,3.0,0.0,0.0,0.0,3.0,0.0,0.0,0.0,3.0,0.0
TOTAL 5 OClock EXPENSE,3.0,0.0,0.0,0.0,3.0,0.0,0.0,0.0,3.0,0.0
TOTAL 5 OClock PROFIT,-3.0,0.0,0.0,0.0,-3.0,0.0,0.0,0.0,-3.0,0.0
BREAKFAST,532.0,4.6,949.0,13.7,-417.0,-9.0,413.0,7.4,118.0,-2.8
LUNCH,2392.0,20.9,1340.0,19.3,1053.0,1.6,1520.0,27.3,872.0,-6.4
TOTAL Playin a Round Café  FOOD,2924.0,25.5,2288.0,33.0,636.0,-7.5,1933.0,34.7,991.0,-9.2
LIQUOR,2511.0,21.9,1351.0,19.5,1160.0,2.4,1061.0,19.0,1450.0,2.9
BEER,5650.0,49.3,2703.0,39.0,2948.0,10.3,2420.0,43.4,3230.0,5.9
WINE,48.0,0.4,450.0,6.5,-402.0,-6.1,15.0,0.3,33.0,0.1
TOTAL Playin a Round Café  BEVERAGE,8209.0,71.7,4504.0,65.0,3705.0,6.7,3496.0,62.8,4713.0,8.9
OTHER,322.0,2.8,142.0,2.0,180.0,0.8,142.0,2.5,180.0,0.3
TOTAL Playin a Round Cafe OTHER,322.0,2.8,142.0,2.0,180.0,0.8,142.0,2.5,180.0,0.3
TOTAL Playin a Round Café REVENUE,11456.0,100.0,6934.0,100.0,4521.0,0.0,5571.0,100.0,5884.0,0.0
COOKS,122.0,1.1,509.0,7.3,-388.0,-6.3,1385.0,24.9,-1263.0,-23.8
TOTAL VENUE 6 KITCHEN NON-MANAGEMEN,122.0,1.1,509.0,7.3,-388.0,-6.3,1385.0,24.9,-1263.0,-23.8
BARTENDERS,2114.0,18.5,770.0,11.1,1344.0,7.3,1351.0,24.2,763.0,-5.8
TOTAL VENUE 6 VENUE NON-MANAGEMENT,2114.0,18.5,770.0,11.1,1344.0,7.3,1351.0,24.2,763.0,-5.8
TOTAL VENUE 6 NON-MANAGEMENT,2235.0,19.5,1280.0,18.5,956.0,1.1,2736.0,49.1,-501.0,-29.6
SUBTOTAL: VENUE 6 SALARIES & WAGES,2235.0,19.5,1280.0,18.5,956.0,1.1,2736.0,49.1,-501.0,-29.6
"TOTAL VENUE 6   SALARIES, WAGES, SC, CONTRACT & BONUS",2235.0,19.5,1280.0,18.5,956.0,1.1,2736.0,49.1,-501.0,-29.6
PAYROLL TAXES,224.0,2.0,96.0,1.4,128.0,0.6,164.0,2.9,60.0,-1.0
TOTAL VENUE 6 TAXES,224.0,2.0,96.0,1.4,128.0,0.6,164.0,2.9,60.0,-1.0
WORKERS COMP,87.0,0.8,32.0,0.5,56.0,0.3,206.0,3.7,-119.0,-2.9
HEALTH INSURANCE,-9.0,-0.1,125.0,1.8,-134.0,-1.9,81.0,1.5,-90.0,-1.5
401K,5.0,0.0,0.0,0.0,5.0,0.0,0.0,0.0,5.0,0.0
EMPLOYEE MEALS,121.0,1.1,30.0,0.4,91.0,0.6,9.0,0.2,111.0,0.9
EMPLOYEE BENEFITS,1.0,0.0,0.0,0.0,1.0,0.0,0.0,0.0,1.0,0.0
TOTAL VENUE 6 BENEFITS,204.0,1.8,186.0,2.7,17.0,-0.9,296.0,5.3,-92.0,-3.5
TOTAL VENUE 6 PAYROLL RELATED,427.0,3.7,282.0,4.1,145.0,-0.3,460.0,8.3,-32.0,-4.5
TOTAL VENUE 6 LABOR & RELATED,2663.0,23.2,1562.0,22.5,1101.0,0.7,3196.0,57.4,-533.0,-34.1
TOTAL Playin a Round Café  EXPENSE,2663.0,23.2,3111.0,44.9,-449.0,-21.6,3196.0,57.4,-533.0,-34.1
TOTAL Playin a Round Café  PROFIT,8793.0,76.8,3823.0,55.1,4970.0,21.6,2376.0,42.6,6417.0,34.1
LUNCH,3038.0,7.4,0.0,0.0,3038.0,7.4,13.0,0.1,3025.0,7.4
DINNER,10473.0,25.6,9610.0,27.1,863.0,-1.5,1119.0,4.5,9354.0,21.0
TOTAL BoathouseFOOD,13511.0,33.0,9610.0,27.1,3901.0,5.9,1132.0,4.6,12379.0,28.4
LIQUOR,18783.0,45.9,17507.0,49.4,1276.0,-3.5,15296.0,62.1,3487.0,-16.2
BEER,6531.0,16.0,5836.0,16.5,695.0,-0.5,5615.0,22.8,916.0,-6.8
WINE,989.0,2.4,1167.0,3.3,-178.0,-0.9,1370.0,5.6,-381.0,-3.1
TOTAL Boathouse BEVERAGE,26302.0,64.3,24510.0,69.1,1792.0,-4.9,22281.0,90.5,4021.0,-26.2
ALLOWANCES,-42.0,-0.1,0.0,0.0,-42.0,-0.1,0.0,0.0,-42.0,-0.1
OTHER,1150.0,2.8,1328.0,3.7,-178.0,-0.9,1207.0,4.9,-57.0,-2.1
TOTAL Boathouse OTHER,1108.0,2.7,1328.0,3.7,-220.0,-1.0,1207.0,4.9,-99.0,-2.2
TOTAL Boathouse REVENUE,40921.0,100.0,35448.0,100.0,5473.0,0.0,24620.0,100.0,16301.0,0.0
MANAGER,2596.0,6.3,3879.0,10.9,-1283.0,-4.6,3363.0,13.7,-766.0,-7.3
TOTAL Boathouse MANAGEMENT,2967.0,7.3,3879.0,10.9,-912.0,-3.7,3363.0,13.7,-396.0,-6.4
COOKS,0.0,0.0,1925.0,5.4,-1925.0,-5.4,0.0,0.0,0.0,0.0
TOTAL Boathouse KITCHEN NON-MANAGEMENT,0.0,0.0,1925.0,5.4,-1925.0,-5.4,0.0,0.0,0.0,0.0
SERVERS,0.0,0.0,812.0,2.3,-812.0,-2.3,357.0,1.4,-357.0,-1.4
BARTENDERS,1030.0,2.5,2190.0,6.2,-1160.0,-3.7,1452.0,5.9,-422.0,-3.4
BARBACKS,690.0,1.7,1106.0,3.1,-416.0,-1.4,663.0,2.7,28.0,-1.0
SUPERVISOR,0.0,0.0,0.0,0.0,0.0,0.0,2133.0,8.7,-2133.0,-8.7
TOTAL Boathouse NON-MANAGEMENT,1720.0,4.2,6033.0,17.0,-4313.0,-12.8,4604.0,18.7,-2884.0,-14.5
SUBTOTAL: Boathouse SALARIES & WAGES,4687.0,11.5,9913.0,28.0,-5225.0,-16.5,7967.0,32.4,-3279.0,-20.9
"TOTAL Boathouse  SALARIES, WAGES, SC, CONTRACT & B",4687.0,11.5,9913.0,28.0,-5225.0,-16.5,7967.0,32.4,-3279.0,-20.9
PAYROLL TAXES,1022.0,2.5,743.0,2.1,279.0,0.4,891.0,3.6,132.0,-1.1
TOTAL VENUE 7 TAXES,1022.0,2.5,743.0,2.1,279.0,0.4,891.0,3.6,132.0,-1.1
SUPPLEMENTAL PAY,652.0,1.6,242.0,0.7,410.0,0.9,448.0,1.8,204.0,-0.2
PTO PAY,435.0,1.1,180.0,0.5,254.0,0.6,188.0,0.8,247.0,0.3
TOTAL Boathouse SUPPLEMENTAL PAY,1087.0,2.7,422.0,1.2,665.0,1.5,636.0,2.6,451.0,0.1
WORKERS COMP,169.0,0.4,228.0,0.6,-59.0,-0.2,434.0,1.8,-264.0,-1.3
HEALTH INSURANCE,-184.0,-0.5,642.0,1.8,-826.0,-2.3,642.0,2.6,-826.0,-3.1
401K,0.0,0.0,0.0,0.0,0.0,0.0,0.0,0.0,0.0,0.0
EMPLOYEE MEALS,0.0,0.0,203.0,0.6,-203.0,-0.6,2.0,0.0,-2.0,0.0
EMPLOYEE BENEFITS,5.0,0.0,2.0,0.0,3.0,0.0,2.0,0.0,3.0,0.0
TOTAL Boathouse BENEFITS,-9.0,0.0,1075.0,3.0,-1085.0,-3.1,1080.0,4.4,-1090.0,-4.4
TOTAL Boathouse LABOR & RELATED,6787.0,16.6,12154.0,34.3,-5367.0,-17.7,10574.0,42.9,-3787.0,-26.4
DUES & SUBSCRIPTIONS,0.0,0.0,427.0,1.2,-427.0,-1.2,427.0,1.7,-427.0,-1.7
TOTAL Boathouse EXPENSE,6787.0,16.6,19886.0,56.1,-13099.0,-39.5,11001.0,44.7,-4214.0,-28.1
TOTAL Boathouse PROFIT,34134.0,83.4,15562.0,43.9,18572.0,39.5,13619.0,55.3,20515.0,28.1
BREAKFAST,1045.0,17.9,0.0,0.0,1045.0,17.9,0.0,0.0,1045.0,17.9
LUNCH,3361.0,57.6,0.0,0.0,3361.0,57.6,0.0,0.0,3361.0,57.6
TOTAL Waterside Cove FOOD,4406.0,75.6,0.0,0.0,4406.0,75.6,0.0,0.0,4406.0,75.6
LIQUOR,144.0,2.5,0.0,0.0,144.0,2.5,0.0,0.0,144.0,2.5
WINE,360.0,6.2,0.0,0.0,360.0,6.2,0.0,0.0,360.0,6.2
TOTAL Waterside Cove BEVERAGE,504.0,8.6,0.0,0.0,504.0,8.6,0.0,0.0,504.0,8.6
SERVICE CHARGES,921.0,15.8,0.0,0.0,921.0,15.8,0.0,0.0,921.0,15.8
TOTAL Waterside Cove OTHER,921.0,15.8,0.0,0.0,921.0,15.8,0.0,0.0,921.0,15.8
TOTAL Waterside Cove REVENUE,5831.0,100.0,0.0,0.0,5831.0,100.0,0.0,0.0,5831.0,100.0
TOTAL VENUE 8 GROSS PROFIT,5831.0,100.0,0.0,0.0,5831.0,100.0,0.0,0.0,5831.0,100.0
CASHIERS,0.0,0.0,34.0,0.0,-34.0,0.0,34.0,0.0,-34.0,0.0
BARTENDERS,117.0,2.0,363.0,0.0,-246.0,2.0,363.0,0.0,-246.0,2.0
TOTAL VENUE 8 VENUE NON-MANAGEMENT,117.0,2.0,397.0,0.0,-279.0,2.0,397.0,0.0,-279.0,2.0
TOTAL VENUE 8 NON-MANAGEMENT,117.0,2.0,397.0,0.0,-279.0,2.0,397.0,0.0,-279.0,2.0
SUBTOTAL: VENUE 8 SALARIES & WAGES,117.0,2.0,397.0,0.0,-279.0,2.0,397.0,0.0,-279.0,2.0
CONTRACTED/LEASED & OUTSOURCED LABOR,0.0,0.0,1853.0,0.0,-1853.0,0.0,1853.0,0.0,-1853.0,0.0
TOTAL VENUE 8 CONTRACT LABOR,0.0,0.0,1853.0,0.0,-1853.0,0.0,1853.0,0.0,-1853.0,0.0
"TOTAL VENUE 8 SALARIES, WAGES, SC, CONTRACT & BONUS",117.0,2.0,2250.0,0.0,-2133.0,2.0,2250.0,0.0,-2133.0,2.0
PAYROLL TAXES,86.0,1.5,169.0,0.0,-83.0,1.5,301.0,0.0,-215.0,1.5
TOTAL VENUE 8 TAXES,86.0,1.5,169.0,0.0,-83.0,1.5,301.0,0.0,-215.0,1.5
WORKERS COMP,0.0,0.0,3.0,0.0,-3.0,0.0,18.0,0.0,-18.0,0.0
HEALTH INSURANCE,113.0,1.9,800.0,0.0,-687.0,1.9,1580.0,0.0,-1467.0,1.9
EMPLOYEE MEALS,2.0,0.0,0.0,0.0,2.0,0.0,0.0,0.0,2.0,0.0
EMPLOYEE BENEFITS,1.0,0.0,0.0,0.0,1.0,0.0,2.0,0.0,-1.0,0.0
TOTAL VENUE 8 BENEFITS,116.0,2.0,803.0,0.0,-687.0,2.0,1600.0,0.0,-1484.0,2.0
TOTAL VENUE 8 PAYROLL RELATED,201.0,3.5,972.0,0.0,-771.0,3.5,1901.0,0.0,-1700.0,3.5
TOTAL VENUE 8 LABOR & RELATED,319.0,5.5,3222.0,0.0,-2903.0,5.5,4151.0,0.0,-3832.0,5.5
TOTAL VENUE 8 EXPENSE,319.0,5.5,3222.0,0.0,-2903.0,5.5,4151.0,0.0,-3832.0,5.5
TOTAL VENUE 8 PROFIT,5513.0,94.5,-3222.0,0.0,8735.0,94.5,-4151.0,0.0,9664.0,94.5
BREAKFAST,11940.0,4.1,15561.0,5.6,-3621.0,-1.5,17276.0,4.2,-5336.0,-0.1
LUNCH,22956.0,7.9,24027.0,8.7,-1071.0,-0.8,17322.0,4.2,5633.0,3.7
DINNER,27345.0,9.4,46377.0,16.7,-19033.0,-7.3,64374.0,15.7,-37030.0,-6.3
BREAKS A.M.,15141.0,5.2,10912.0,3.9,4230.0,1.3,13824.0,3.4,1317.0,1.8
TOTAL BANQUETS FOOD,77382.0,26.6,96877.0,34.9,-19495.0,-8.3,112797.0,27.6,-35415.0,-1.0
BREAKFAST - CATERING,2141.0,0.7,1691.0,0.6,451.0,0.1,0.0,0.0,2141.0,0.7
LUNCH - CATERING,368.0,0.1,9345.0,3.4,-8977.0,-3.2,2020.0,0.5,-1652.0,-0.4
DINNER - CATERING,69973.0,24.1,39814.0,14.4,30158.0,9.7,43459.0,10.6,26513.0,13.4
CATERING-COFFEE BREAK,70.0,0.0,0.0,0.0,70.0,0.0,0.0,0.0,70.0,0.0
BREAKS A.M. - CATERING,0.0,0.0,473.0,0.2,-473.0,-0.2,473.0,0.1,-473.0,-0.1
RECEPTIONS - CATERING,0.0,0.0,1610.0,0.6,-1610.0,-0.6,0.0,0.0,0.0,0.0
TOTAL CATERING FOOD,72552.0,25.0,52933.0,19.1,19619.0,5.9,45953.0,11.2,26599.0,13.7
LIQUOR,12935.0,4.5,8517.0,3.1,4418.0,1.4,3182.0,0.8,9753.0,3.7
BEER,4159.0,1.4,3373.0,1.2,787.0,0.2,3602.0,0.9,558.0,0.6
WINE,1757.0,0.6,2113.0,0.8,-356.0,-0.2,3233.0,0.8,-1476.0,-0.2
TOTAL BANQUETS BEVERAGE,18851.0,6.5,14003.0,5.0,4849.0,1.4,10016.0,2.5,8835.0,4.0
LIQUOR - CATERING,19634.0,6.8,4301.0,1.6,15333.0,5.2,43112.0,10.5,-23478.0,-3.8
BEER - CATERING,2196.0,0.8,4869.0,1.8,-2673.0,-1.0,5161.0,1.3,-2965.0,-0.5
WINE - CATERING,4303.0,1.5,4370.0,1.6,-67.0,-0.1,5412.0,1.3,-1109.0,0.2
TOTAL CATERING BEVERAGE,26132.0,9.0,13540.0,4.9,12592.0,4.1,53685.0,13.1,-27552.0,-4.1
MEETING ROOM RENTALS,3621.0,1.2,20962.0,7.6,-17342.0,-6.3,79561.0,19.5,-75940.0,-18.2
SERVICE CHARGES,58004.0,20.0,53188.0,19.2,4816.0,0.8,66223.0,16.2,-8219.0,3.8
AV RENTAL/TECHNOLOGY,28949.0,10.0,21442.0,7.7,7506.0,2.2,33832.0,8.3,-4883.0,1.7
MISC BANQUET INCOME,5110.0,1.8,4359.0,1.6,751.0,0.2,6715.0,1.6,-1605.0,0.1
TOTAL BANQUETS & CATERING OTHER,95683.0,32.9,99951.0,36.0,-4268.0,-3.1,186331.0,45.6,-90647.0,-12.7
TOTAL BANQUETS & CATERING REVENUE,290600.0,100.0,277304.0,100.0,13296.0,0.0,408781.0,100.0,-118180.0,0.0
LIQUOR,4059.0,12.5,1923.0,15.0,2136.0,-2.5,1035.0,2.2,3023.0,10.2
BEER,1368.0,21.5,1401.0,17.0,-33.0,4.5,421.0,4.8,947.0,16.7
WINE,1669.0,27.5,1491.0,23.0,178.0,4.5,1329.0,15.4,340.0,12.2
AV RENTAL/TECHNOLOGY,17968.0,62.1,13028.0,60.8,4940.0,1.3,21435.0,63.4,-3466.0,-1.3
OTHER,0.0,0.0,0.0,0.0,0.0,0.0,-1151.0,-17.1,1151.0,17.1
MANAGER,5304.0,1.8,4915.0,1.8,389.0,0.1,5692.0,1.4,-388.0,0.4
TOTAL BANQUETS & CATERING SERVICE MANAGEMENT,5304.0,1.8,4915.0,1.8,389.0,0.1,5692.0,1.4,-388.0,0.4
SOUS CHEF,0.0,0.0,4259.0,1.5,-4259.0,-1.5,2610.0,0.6,-2610.0,-0.6
COOKS,438.0,0.2,0.0,0.0,438.0,0.2,0.0,0.0,438.0,0.2
TOTAL BANQUETS & CATERING KITCHEN NON-MANAGEMENT,438.0,0.2,4259.0,1.5,-3821.0,-1.4,2610.0,0.6,-2172.0,-0.5
BANQUET SETUP/BREAKDOWN,5119.0,1.8,2092.0,0.8,3028.0,1.0,3526.0,0.9,1593.0,0.9
SERVERS,6538.0,2.2,4165.0,1.5,2373.0,0.7,4902.0,1.2,1636.0,1.1
CAPTAINS,5676.0,2.0,6160.0,2.2,-484.0,-0.3,8408.0,2.1,-2731.0,-0.1
BARTENDERS,1407.0,0.5,1147.0,0.4,260.0,0.1,786.0,0.2,621.0,0.3
BARBACKS,54.0,0.0,0.0,0.0,54.0,0.0,0.0,0.0,54.0,0.0
SUPERVISOR,0.0,0.0,2690.0,1.0,-2690.0,-1.0,0.0,0.0,0.0,0.0
TOTAL BANQUETS & CATERING NON-MANAGEMENT,19232.0,6.6,20513.0,7.4,-1281.0,-0.8,20231.0,4.9,-1000.0,1.7
SUBTOTAL: BANQUETS & CATERING SALARIES & WAGES,24536.0,8.4,25428.0,9.2,-892.0,-0.7,25924.0,6.3,-1388.0,2.1
SERVICE CHARGES DISTRIBUTED,39442.0,13.6,27094.0,9.8,12348.0,3.8,36283.0,8.9,3159.0,4.7
TOTAL BANQUETS & CATERING SERVICE CHARGE,39442.0,13.6,27094.0,9.8,12348.0,3.8,36283.0,8.9,3159.0,4.7
CONTRACTED/LEASED & OUTSOURCED LABOR,1558.0,0.5,7910.0,2.9,-6352.0,-2.3,0.0,0.0,1558.0,0.5
TOTAL BANQUETS & CATERING CONTRACT LABOR,1558.0,0.5,7910.0,2.9,-6352.0,-2.3,0.0,0.0,1558.0,0.5
"TOTAL BANQUETS & CATERING SALARIES, WAGES, SC, CONTRACT & BONUS",65536.0,22.6,60432.0,21.8,5104.0,0.8,62206.0,15.2,3329.0,7.3
PAYROLL TAXES,3764.0,1.3,4532.0,1.6,-769.0,-0.3,2359.0,0.6,1404.0,0.7
TOTAL BANQUETS & CATERING TAXES,3764.0,1.3,4532.0,1.6,-769.0,-0.3,2359.0,0.6,1404.0,0.7
SUPPLEMENTAL PAY,1544.0,0.0,870.0,0.0,674.0,0.0,1066.0,0.0,478.0,0.0
PTO EXPENSE,1107.0,0.4,949.0,0.3,158.0,0.0,1580.0,0.4,-473.0,0.0
TOTAL BANQUETS & CATERING SUPPLEMENTAL PAY,2651.0,0.9,1819.0,0.7,832.0,0.3,2646.0,0.6,5.0,0.3
WORKERS COMP,2459.0,0.8,544.0,0.2,1915.0,0.7,717.0,0.2,1742.0,0.7
HEALTH INSURANCE,-4661.0,-1.6,7143.0,2.6,-11804.0,-4.2,3997.0,1.0,-8658.0,-2.6
401K,68.0,0.0,79.0,0.0,-10.0,0.0,0.0,0.0,68.0,0.0
EMPLOYEE MEALS,565.0,0.2,661.0,0.2,-96.0,0.0,179.0,0.0,386.0,0.2
EMPLOYEE BENEFITS,45.0,0.0,8.0,0.0,37.0,0.0,8.0,0.0,37.0,0.0
TOTAL BANQUETS & CATERING BENEFITS,-1523.0,-0.5,8434.0,3.0,-9958.0,-3.6,4901.0,1.2,-6424.0,-1.7
TOTAL BANQUETS & CATERING PAYROLL RELATED,4891.0,1.7,14786.0,5.3,-9895.0,-3.6,9906.0,2.4,-5015.0,-0.7
TOTAL BANQUETS & CATERING LABOR & RELATED,70427.0,24.2,75218.0,27.1,-4791.0,-2.9,72112.0,17.6,-1685.0,6.6
DECORATIONS,466.0,0.2,0.0,0.0,466.0,0.2,0.0,0.0,466.0,0.2
TOTAL BANQUETS & CATERING OTHER EXPENSES,466.0,0.2,0.0,0.0,466.0,0.2,0.0,0.0,466.0,0.2
DUES - GOLF FULL,21188.0,47.8,24023.0,54.0,-2835.0,-6.2,17740.0,45.7,3448.0,2.0
DUES SPORTS,11354.0,25.6,8232.0,18.5,3122.0,7.1,8333.0,21.5,3021.0,4.1
DUES SOCIAL DINING,9745.0,22.0,10232.0,23.0,-487.0,-1.0,8454.0,21.8,1290.0,0.2
INITIATION FEES,2050.0,4.6,2023.0,4.5,27.0,0.1,4250.0,11.0,-2200.0,-6.3
TOTAL MEMBER SERVICES REVENUE,44337.0,3.5,44510.0,3.6,-173.0,-0.2,38778.0,3.0,5559.0,0.5
MANAGER,3297.0,7.4,3276.0,7.4,20.0,0.1,3486.0,9.0,-190.0,-1.6
TOTAL MEMBER SERVICES MANAGEMENT,3297.0,7.4,3276.0,7.4,20.0,0.1,3486.0,9.0,-190.0,-1.6
BONUSES/ INCENTIVES - MEMBER SERVICES,878.0,2.0,1409.0,3.2,-531.0,-1.2,1628.0,4.2,-751.0,-2.2
TOTAL MEMBER SERVICES BONUS,878.0,2.0,1409.0,3.2,-531.0,-1.2,1628.0,4.2,-751.0,-2.2
"TOTAL MEMBER SERVICES SALARIES, WAGES, SC, CONTRACT & BONUS",4174.0,9.4,4685.0,10.5,-511.0,-1.1,5114.0,13.2,-940.0,-3.8
PAYROLL TAXES,361.0,0.8,328.0,0.7,34.0,0.1,244.0,0.6,117.0,0.2
TOTAL MEMBER SERVICES TAXES,361.0,0.8,328.0,0.7,34.0,0.1,244.0,0.6,117.0,0.2
SUPPLEMENTAL PAY,577.0,1.3,173.0,0.4,404.0,0.9,173.0,0.4,404.0,0.9
TOTA MEMBER SERVICES SUPPLEMENTAL PAY,577.0,1.3,173.0,0.4,404.0,0.9,173.0,0.4,404.0,0.9
WORKERS COMP,36.0,0.1,37.0,0.1,0.0,0.0,50.0,0.1,-14.0,0.0
HEALTH INSURANCE,-939.0,-2.1,1459.0,3.3,-2398.0,-5.4,1895.0,4.9,-2834.0,-7.0
PTO EXPENSE,207.0,0.5,251.0,0.6,-45.0,-0.1,186.0,0.5,21.0,0.0
401K,0.0,0.0,113.0,0.3,-113.0,-0.3,104.0,0.3,-104.0,-0.3
EMPLOYEE MEALS,19.0,0.0,34.0,0.1,-16.0,0.0,1.0,0.0,17.0,0.0
EMPLOYEE BENEFITS,3.0,0.0,2.0,0.0,1.0,0.0,2.0,0.0,1.0,0.0
TOTAL MEMBER SERVICES PAYROLL RELATED,264.0,0.6,2397.0,5.4,-2133.0,-4.8,2656.0,6.8,-2392.0,-6.3
COLLATERAL/BROCHURES,0.0,0.0,300.0,0.7,-300.0,-0.7,0.0,0.0,0.0,0.0
MEMBER RELATIONS,36.0,0.1,600.0,1.3,-564.0,-1.3,0.0,0.0,36.0,0.1
MISCELLANEOUS,0.0,0.0,0.0,0.0,0.0,0.0,505.0,1.3,-505.0,-1.3
OPERATING SUPPLIES,0.0,0.0,3150.0,7.1,-3150.0,-7.1,567.0,1.5,-567.0,-1.5
TRAVEL-MEALS & ENTERTAINMENT,0.0,0.0,50.0,0.1,-50.0,-0.1,0.0,0.0,0.0,0.0
TRAVEL-OTHER,0.0,0.0,50.0,0.1,-50.0,-0.1,50.0,0.1,-50.0,-0.1
TOTAL MEMBER SERVICES OTHER EXPENSES,36.0,0.1,4150.0,9.3,-4114.0,-9.2,1123.0,2.9,-1086.0,-2.8
TOTAL MEMBER SERVICES EXPENSE,4474.0,10.1,11232.0,25.2,-6758.0,-15.1,8893.0,22.9,-4418.0,-12.8
TOTAL MEMBER SERVICES PROFIT,39863.0,89.9,33278.0,74.8,6585.0,15.1,29885.0,77.1,9978.0,12.8
MERCHANDISE,12804.0,100.0,19887.0,100.0,-7083.0,0.0,18104.0,100.0,-5301.0,0.0
TOTAL RETAIL REVENUE,12804.0,100.0,19887.0,100.0,-7083.0,0.0,18104.0,100.0,-5301.0,0.0
SUNDRIES,0.0,0.0,0.0,0.0,0.0,0.0,230.0,0.0,-230.0,0.0
MERCHANDISE,6402.0,50.0,8949.0,45.0,-2547.0,5.0,6429.0,35.5,-28.0,14.5
TOTAL RETAIL COST OF SALES,6402.0,50.0,8949.0,45.0,-2547.0,5.0,6660.0,36.8,-258.0,13.2
TOTAL RETAIL GROSS PROFIT,6402.0,50.0,10938.0,55.0,-4536.0,-5.0,11445.0,63.2,-5043.0,-13.2
CLERKS,3244.0,25.3,1892.0,9.5,1353.0,15.8,1419.0,7.8,1826.0,17.5
TOTAL RETAIL  NON-MANAGEMENT,3244.0,25.3,1892.0,9.5,1353.0,15.8,1419.0,7.8,1826.0,17.5
SUBTOTAL: RETAIL SALARIES & WAGES,3244.0,25.3,1892.0,9.5,1353.0,15.8,1419.0,7.8,1826.0,17.5
"TOTAL RETAIL SALARIES, WAGES, SC, CONTRACT & BONUS",3244.0,25.3,1892.0,9.5,1353.0,15.8,1419.0,7.8,1826.0,17.5
PAYROLL TAXES,225.0,1.8,142.0,0.7,83.0,1.0,160.0,0.9,66.0,0.9
TOTAL RETAIL TAXES,225.0,1.8,142.0,0.7,83.0,1.0,160.0,0.9,66.0,0.9
SUPPLEMENTAL PAY,0.0,0.0,175.0,0.9,-175.0,-0.9,165.0,0.9,-165.0,-0.9
PTO EXPENSE,0.0,0.0,25.0,0.1,-25.0,-0.1,101.0,0.6,-101.0,-0.6
TOTAL RETAIL SUPPLEMENTAL PAY,0.0,0.0,200.0,1.0,-200.0,-1.0,266.0,1.5,-266.0,-1.5
WORKERS COMP,190.0,1.5,46.0,0.2,144.0,1.3,113.0,0.6,76.0,0.9
HEALTH INSURANCE,0.0,0.0,288.0,1.4,-288.0,-1.4,1021.0,5.6,-1021.0,-5.6
EMPLOYEE MEALS,72.0,0.6,42.0,0.2,30.0,0.4,2.0,0.0,70.0,0.6
EMPLOYEE BENEFITS,1.0,0.0,3.0,0.0,-2.0,0.0,2.0,0.0,-1.0,0.0
TOTAL RETAIL BENEFITS,263.0,2.1,378.0,1.9,-116.0,0.1,1138.0,6.3,-876.0,-4.2
TOTAL RETAIL PAYROLL RELATED,488.0,3.8,720.0,3.6,-232.0,0.2,1563.0,8.6,-1076.0,-4.8
TOTAL RETAIL LABOR & RELATED,3732.0,29.2,2611.0,13.1,1121.0,16.0,2982.0,16.5,750.0,12.7
MISCELLANEOUS,1.0,0.0,0.0,0.0,1.0,0.0,0.0,0.0,1.0,0.0
OPERATING SUPPLIES,97.0,0.8,199.0,1.0,-102.0,-0.2,51.0,0.3,46.0,0.5
TOTAL RETAIL OTHER EXPENSES,98.0,0.8,199.0,1.0,-101.0,-0.2,51.0,0.3,47.0,0.5
TOTAL RETAIL EXPENSE,10233.0,79.9,11759.0,59.1,-1527.0,20.8,9694.0,53.5,539.0,26.4
TOTAL RETAIL PROFIT,2571.0,20.1,8127.0,40.9,-5556.0,-20.8,8411.0,46.5,-5840.0,-26.4
BODY TREATMENT,896.0,2.0,794.0,2.1,102.0,-0.1,555.0,1.3,341.0,0.7
MASSAGE,23335.0,53.3,18498.0,49.0,4837.0,4.4,21991.0,52.0,1344.0,1.3
SPA MASSAGE & BODY TREATMENT REVENUE,24231.0,55.4,19292.0,51.1,4939.0,4.3,22546.0,53.3,1685.0,2.0
FACIALS,5402.0,12.3,5820.0,15.4,-418.0,-3.1,5620.0,13.3,-218.0,-1.0
WAXING,20.0,0.0,40.0,0.1,-20.0,-0.1,20.0,0.0,0.0,0.0
SPA SKIN CARE REVENUE,5422.0,12.4,5860.0,15.5,-438.0,-3.1,5640.0,13.3,-218.0,-1.0
SALON SERVICES,1894.0,4.3,449.0,1.2,1445.0,3.1,784.0,1.9,1110.0,2.5
SPA HAIR CARE REVENUE,1894.0,4.3,449.0,1.2,1445.0,3.1,784.0,1.9,1110.0,2.5
PEDICURE,1430.0,3.3,1519.0,4.0,-89.0,-0.8,2640.0,6.2,-1210.0,-3.0
MANICURE,504.0,1.2,678.0,1.8,-174.0,-0.6,1320.0,3.1,-816.0,-2.0
SPA NAIL CARE REVENUE,1934.0,4.4,2196.0,5.8,-263.0,-1.4,3960.0,9.4,-2026.0,-4.9
MERCHANDISE,3703.0,8.5,3817.0,10.1,-114.0,-1.6,2279.0,5.4,1424.0,3.1
SPA RETAIL REVENUE,3703.0,8.5,3817.0,10.1,-114.0,-1.6,2279.0,5.4,1424.0,3.1
SERVICE CHARGES,6505.0,14.9,6152.0,16.3,353.0,-1.4,7062.0,16.7,-557.0,-1.8
OTHER,70.0,0.2,22.0,0.1,48.0,0.1,0.0,0.0,70.0,0.2
SPA OTHER REVENUE,6575.0,15.0,6174.0,16.3,401.0,-1.3,7062.0,16.7,-487.0,-1.7
TOTAL SPA REVENUE,43759.0,3.4,37789.0,3.1,5970.0,0.3,42270.0,3.3,1488.0,0.2
MERCHANDISE,-1243.0,-33.6,2099.0,55.0,-3343.0,-88.6,1813.0,79.6,-3056.0,-113.1
TOTAL SPA COST OF SALES,-1243.0,-2.8,2099.0,5.6,-3343.0,-8.4,1813.0,4.3,-3056.0,-7.1
TOTAL SPA GROSS PROFIT,45002.0,102.8,35689.0,94.4,9313.0,8.4,40458.0,95.7,4544.0,7.1
MANAGER,4929.0,11.3,4387.0,11.6,542.0,-0.3,4286.0,10.1,644.0,1.1
TOTAL SPA MANAGEMENT,4929.0,11.3,4387.0,11.6,542.0,-0.3,4286.0,10.1,644.0,1.1
SPA RECEPTIONIST,1477.0,3.4,1438.0,3.8,38.0,-0.4,2143.0,5.1,-667.0,-1.7
TOTAL SPA RECEPTION/RETAIL,1477.0,3.4,1438.0,3.8,38.0,-0.4,2143.0,5.1,-667.0,-1.7
THERAPISTS,0.0,0.0,1.0,0.0,-1.0,0.0,0.0,0.0,0.0,0.0
COSMETOLOGIST,63.0,0.1,0.0,0.0,63.0,0.1,1.0,0.0,62.0,0.1
LEAD ESTHETITION,602.0,1.4,803.0,2.1,-201.0,-0.7,944.0,2.2,-343.0,-0.9
MASSAGE THERAPIST,258.0,0.6,804.0,2.1,-546.0,-1.5,824.0,1.9,-566.0,-1.4
TOTAL SPA THERAPISTS/TECHNICIANS,922.0,2.1,1608.0,4.3,-686.0,-2.1,1768.0,4.2,-846.0,-2.1
SUBTOTAL: SPA SALARIES & WAGES,7328.0,16.7,7433.0,19.7,-106.0,-2.9,8197.0,19.4,-870.0,-2.6
SERVICE CHARGES DISTRIBUTED,6041.0,13.8,5502.0,14.6,539.0,-0.8,6266.0,14.8,-225.0,-1.0
TOTAL SPA SERVICE CHARGE,6041.0,13.8,5502.0,14.6,539.0,-0.8,6266.0,14.8,-225.0,-1.0
COMMISSIONS,8844.0,20.2,7339.0,19.4,1506.0,0.8,7794.0,18.4,1050.0,1.8
TOTAL SPA BONUS,8844.0,20.2,7339.0,19.4,1506.0,0.8,7794.0,18.4,1050.0,1.8
CONTRACTED/LEASED & OUTSOURCED LABOR,0.0,0.0,92.0,0.2,-92.0,-0.2,92.0,0.2,-92.0,-0.2
TOTAL SPA CONTRACT LABOR,0.0,0.0,92.0,0.2,-92.0,-0.2,92.0,0.2,-92.0,-0.2
"TOTAL SPA SALARIES, WAGES, SC, CONTRACT & BONUS",22213.0,50.8,20366.0,53.9,1847.0,-3.1,22350.0,52.9,-137.0,-2.1
PAYROLL TAXES,1840.0,4.2,1527.0,4.0,313.0,0.2,1884.0,4.5,-44.0,-0.3
TOTAL SPA TAXES,1840.0,4.2,1527.0,4.0,313.0,0.2,1884.0,4.5,-44.0,-0.3
SUPPLEMENTAL PAY,410.0,0.0,251.0,0.0,160.0,0.0,398.0,0.0,12.0,0.0
PTO EXPENSE,351.0,0.8,255.0,0.7,96.0,0.1,1417.0,3.4,-1067.0,-2.6
TOTAL SPA SUPPLEMENTAL PAY,761.0,1.7,505.0,1.3,256.0,0.4,1816.0,4.3,-1055.0,-2.6
WORKERS COMP,250.0,0.6,255.0,0.7,-5.0,-0.1,357.0,0.8,-108.0,-0.3
HEALTH INSURANCE,-2841.0,-6.5,2273.0,6.0,-5114.0,-12.5,3506.0,8.3,-6347.0,-14.8
401K,302.0,0.7,277.0,0.7,25.0,0.0,295.0,0.7,7.0,0.0
EMPLOYEE MEALS,137.0,0.3,220.0,0.6,-83.0,-0.3,8.0,0.0,129.0,0.3
EMPLOYEE BENEFITS,11.0,0.0,7.0,0.0,4.0,0.0,7.0,0.0,4.0,0.0
TOTAL SPA BENEFITS,-2141.0,-4.9,3032.0,8.0,-5172.0,-12.9,4174.0,9.9,-6315.0,-14.8
TOTAL SPA LABOR & RELATED,22674.0,51.8,25430.0,67.3,-2757.0,-15.5,30224.0,71.5,-7550.0,-19.7
CONTRACT SERVICES,0.0,0.0,500.0,1.3,-500.0,-1.3,0.0,0.0,0.0,0.0
GUEST AMENITIES,0.0,0.0,0.0,0.0,0.0,0.0,321.0,0.8,-321.0,-0.8
HEALTH & BEAUTY PROD,2579.0,5.9,986.0,2.6,1592.0,3.3,1689.0,4.0,890.0,1.9
LAUNDRY ALLOCATION,1470.0,3.4,1746.0,4.6,-277.0,-1.3,985.0,2.3,485.0,1.0
MISCELLANEOUS,79.0,0.2,0.0,0.0,79.0,0.2,0.0,0.0,79.0,0.2
OPERATING SUPPLIES,0.0,0.0,246.0,0.7,-246.0,-0.7,269.0,0.6,-269.0,-0.6
TOTAL SPA OTHER EXPENSES,4127.0,9.4,3478.0,9.2,649.0,0.2,3263.0,7.7,864.0,1.7
TOTAL SPA EXPENSE,25557.0,58.4,31008.0,82.1,-5451.0,-23.7,35300.0,83.5,-9743.0,-25.1
TOTAL SPA PROFIT,18201.0,41.6,6781.0,17.9,11421.0,23.7,6970.0,16.5,11231.0,25.1
GF-OUTSIDE ROUNDS TWILIGHT,3268.0,6.0,2746.0,5.6,522.0,0.4,3488.0,8.8,-220.0,-2.8
GF-OUTSIDE ROUNDS TOURNAMENT,5953.0,11.0,8027.0,16.3,-2074.0,-5.3,5199.0,13.1,754.0,-2.1
GF-OUTSIDE ROUNDS DISCOUNT,17790.0,32.8,16680.0,33.9,1110.0,-1.1,13239.0,33.3,4550.0,-0.5
GF - MEMBER ROUNDS - 18 HOLE,635.0,1.2,565.0,1.1,70.0,0.0,1151.0,2.9,-516.0,-1.7
GF - MEMBER ROUNDS DISCOUNT,511.0,0.9,0.0,0.0,511.0,0.9,0.0,0.0,511.0,0.9
GF-RESORT ROUNDS 18 HOLE,989.0,1.8,1751.0,3.6,-762.0,-1.7,-225.0,-0.6,1214.0,2.4
GF-RESORT ROUNDS TOURNAMENT,6800.0,12.5,0.0,0.0,6800.0,12.5,0.0,0.0,6800.0,12.5
GREENS FEE REVENUE,35946.0,66.2,29769.0,60.5,6177.0,5.8,22852.0,57.5,13093.0,8.7
GOLF CART RENTALS,10828.0,19.9,10537.0,21.4,291.0,-1.5,9212.0,23.2,1617.0,-3.2
GOLF CART RENTAL REVENUE,10828.0,19.9,10537.0,21.4,291.0,-1.5,9212.0,23.2,1617.0,-3.2
GOLF CLUB RENTALS,320.0,0.6,612.0,1.2,-292.0,-0.7,272.0,0.7,48.0,-0.1
GOLF EQUIPMENT RENTAL REVENUE,320.0,0.6,612.0,1.2,-292.0,-0.7,272.0,0.7,48.0,-0.1
MERCHANDISE,6731.0,12.4,7938.0,16.1,-1207.0,-3.7,6887.0,17.3,-156.0,-4.9
MERCHANDISE REVENUE,6731.0,12.4,7938.0,16.1,-1207.0,-3.7,6887.0,17.3,-156.0,-4.9
RANGE BALLS,461.0,0.8,385.0,0.8,76.0,0.1,524.0,1.3,-63.0,-0.5
OTHER REVENUE,461.0,0.8,385.0,0.8,76.0,0.1,524.0,1.3,-63.0,-0.5
TOTAL GOLF COURSE REVENUE,54286.0,4.3,49241.0,4.0,5045.0,0.2,39748.0,3.1,14538.0,1.2
MERCHANDISE,5840.0,86.8,4525.0,57.0,1315.0,29.8,4433.0,64.4,1407.0,22.4
TOTAL GOLF COURSE COST OF SALES,5840.0,10.8,4525.0,9.2,1315.0,1.6,4433.0,11.2,1407.0,-0.4
TOTAL GOLF COURSE GROSS PROFIT,48446.0,89.2,44716.0,90.8,3730.0,-1.6,35315.0,88.8,13131.0,0.4
MANAGER,5165.0,9.5,4851.0,9.9,315.0,-0.3,5568.0,14.0,-402.0,-4.5
ASSISTANT GOLF PRO,3018.0,5.6,3000.0,6.1,18.0,-0.5,2772.0,7.0,247.0,-1.4
TOTAL GOLF COURSE MANAGEMENT,8184.0,15.1,7850.0,15.9,333.0,-0.9,8339.0,21.0,-156.0,-5.9
CART ATTENDANT,2448.0,4.5,1517.0,3.1,931.0,1.4,2100.0,5.3,347.0,-0.8
GOLF COUNTER ATTENDANT,1906.0,3.5,2018.0,4.1,-112.0,-0.6,1522.0,3.8,384.0,-0.3
TOTAL GOLF COURSE NON-MANAGEMENT,4353.0,8.0,3534.0,7.2,819.0,0.8,3622.0,9.1,731.0,-1.1
SUBTOTAL: GOLF COURSE SALARIES & WAGES,12537.0,23.1,11385.0,23.1,1152.0,0.0,11961.0,30.1,576.0,-7.0
BONUS/INCENTIVES - GOLF,617.0,1.1,617.0,1.3,0.0,-0.1,0.0,0.0,617.0,1.1
TOTAL GOLF COURSE BONUS,617.0,1.1,617.0,1.3,0.0,-0.1,0.0,0.0,617.0,1.1
"TOTAL GOLF COURSE  SALARIES, WAGES, SC, CONTRACT & BONUS",13154.0,24.2,12002.0,24.4,1152.0,-0.1,11961.0,30.1,1192.0,-5.9
PAYROLL TAXES,1133.0,2.1,952.0,1.9,181.0,0.2,895.0,2.3,238.0,-0.2
TOTAL GOLF COURSE TAXES,1133.0,2.1,952.0,1.9,181.0,0.2,895.0,2.3,238.0,-0.2
SUPPLEMENTAL PAY,623.0,0.0,553.0,0.0,70.0,0.0,494.0,0.0,129.0,0.0
PTO PAY,1042.0,1.9,660.0,1.3,382.0,0.6,917.0,2.3,125.0,-0.4
TOTAL GOLF COURSE SUPPLEMENTAL PAY,1666.0,3.1,1213.0,2.5,453.0,0.6,1412.0,3.6,254.0,-0.5
WORKERS COMP,202.0,0.4,172.0,0.3,30.0,0.0,243.0,0.6,-41.0,-0.2
HEALTH INSURANCE,-1953.0,-3.6,3777.0,7.7,-5730.0,-11.3,3777.0,9.5,-5730.0,-13.1
401K,274.0,0.5,240.0,0.5,34.0,0.0,289.0,0.7,-15.0,-0.2
EMPLOYEE MEALS,154.0,0.3,158.0,0.3,-5.0,0.0,9.0,0.0,145.0,0.3
EMPLOYEE BENEFITS,9.0,0.0,6.0,0.0,3.0,0.0,6.0,0.0,3.0,0.0
TOTAL GOLF COURSE PAYROLL RELATED,1485.0,2.7,6518.0,13.2,-5033.0,-10.5,6631.0,16.7,-5146.0,-13.9
TOTAL GOLF COURSE LABOR & RELATED,14639.0,27.0,18519.0,37.6,-3881.0,-10.6,18592.0,46.8,-3953.0,-19.8
CART MAINTENANCE,0.0,0.0,100.0,0.2,-100.0,-0.2,237.0,0.6,-237.0,-0.6
COMP GIFTS & SERVICES,0.0,0.0,103.0,0.2,-103.0,-0.2,0.0,0.0,0.0,0.0
DUES & SUBSCRIPTIONS,14.0,0.0,14.0,0.0,0.0,0.0,14.0,0.0,0.0,0.0
MISCELLANEOUS,-399.0,-0.7,0.0,0.0,-399.0,-0.7,0.0,0.0,-399.0,-0.7
OPERATING SUPPLIES - PRO SHOP,4377.0,8.1,4397.0,8.9,-20.0,-0.9,5353.0,13.5,-976.0,-5.4
T&E - TRANSPORTATION,0.0,0.0,850.0,1.7,-850.0,-1.7,0.0,0.0,0.0,0.0
UNIFORM REPLACEMENT,0.0,0.0,135.0,0.3,-135.0,-0.3,100.0,0.3,-100.0,-0.3
TOTAL GOLF COURSE OTHER EXPENSES,3992.0,7.4,5600.0,11.4,-1608.0,-4.0,5704.0,14.4,-1713.0,-7.0
TOTAL GOLF COURSE EXPENSE,24471.0,45.1,28644.0,58.2,-4173.0,-13.1,28729.0,72.3,-4259.0,-27.2
TOTAL GOLF COURSE PROFIT,29815.0,54.9,20597.0,41.8,9218.0,13.1,11018.0,27.7,18797.0,27.2
MANAGER,6016.0,11.1,5145.0,10.4,871.0,0.6,5613.0,14.1,404.0,-3.0
TOTAL GOLF MAINTENANCE MANAGEMENT,6016.0,11.1,5145.0,10.4,871.0,0.6,5613.0,14.1,404.0,-3.0
HEAD MECHANIC,3359.0,6.2,2773.0,5.6,587.0,0.6,2541.0,6.4,818.0,-0.2
IRRIGATION TECHNICIAN,270.0,0.5,2478.0,5.0,-2208.0,-4.5,2604.0,6.6,-2334.0,-6.1
GROUNDS ATTENDANT,15043.0,27.7,13948.0,28.3,1095.0,-0.6,9633.0,24.2,5409.0,3.5
TOTAL GOLF MAINTENANCE  NON-MANAGEMENT,18672.0,34.4,19199.0,39.0,-527.0,-4.6,14778.0,37.2,3894.0,-2.8
SUBTOTAL: GOLF MAINTENANCE  SALARIES & WAGES,24688.0,45.5,24344.0,49.4,345.0,-4.0,20391.0,51.3,4298.0,-5.8
"TOTAL GOLF MAINTENANCE SALARIES, WAGES, SC, CONTRACT & BONUS",24688.0,45.5,24344.0,49.4,345.0,-4.0,20391.0,51.3,4298.0,-5.8
PAYROLL TAXES,2119.0,3.9,1823.0,3.7,296.0,0.2,1736.0,4.4,383.0,-0.5
TOTAL GOLF MAINTENANCE TAXES,2119.0,3.9,1823.0,3.7,296.0,0.2,1736.0,4.4,383.0,-0.5
SUPPLEMENTAL PAY,893.0,1.6,1000.0,2.0,-107.0,-0.4,2025.0,5.1,-1132.0,-3.5
PTO PAY,1558.0,2.9,1826.0,3.7,-267.0,-0.8,1968.0,5.0,-410.0,-2.1
TOTAL GOLF MAINTENANCE SUPPLEMENTAL PAY,2451.0,4.5,2826.0,5.7,-375.0,-1.2,3993.0,10.0,-1542.0,-5.5
401K,50.0,0.1,49.0,0.1,1.0,0.0,44.0,0.1,5.0,0.0
EMPLOYEE MEALS,257.0,0.5,337.0,0.7,-80.0,-0.2,6.0,0.0,251.0,0.5
EMPLOYEE BENEFITS,12.0,0.0,13.0,0.0,-1.0,0.0,13.0,0.0,-1.0,0.0
WORKERS COMP,309.0,0.6,365.0,0.7,-57.0,-0.2,391.0,1.0,-83.0,-0.4
HEALTH INSURANCE,-3225.0,-5.9,3104.0,6.3,-6329.0,-12.2,4264.0,10.7,-7490.0,-16.7
TOTAL GOLF MAINTENANCE BENEFITS,-2598.0,-4.8,3867.0,7.9,-6466.0,-12.6,4719.0,11.9,-7317.0,-16.7
TOTAL GOLF MAINTENANCE PAYROLL RELATED,1972.0,3.6,8517.0,17.3,-6545.0,-13.7,10448.0,26.3,-8476.0,-22.7
TOTAL GOLF MAINTENANCE LABOR & RELATED,26660.0,49.1,32860.0,66.7,-6200.0,-17.6,30838.0,77.6,-4178.0,-28.5
VEHICLES REPAIR & MAINTENANCE,1486.0,2.7,2500.0,5.1,-1014.0,-2.3,1348.0,3.4,138.0,-0.7
GAS & OIL,1945.0,3.6,1500.0,3.0,445.0,0.5,1417.0,3.6,528.0,0.0
LANDSCAPING,2799.0,5.2,4500.0,9.1,-1701.0,-4.0,5213.0,13.1,-2414.0,-8.0
MISCELLANEOUS,0.0,0.0,0.0,0.0,0.0,0.0,0.0,0.0,0.0,0.0
OPERATING SUPPLIES,599.0,1.1,500.0,1.0,99.0,0.1,551.0,1.4,48.0,-0.3
PLUMBING/IRRIGATION,372.0,0.7,500.0,1.0,-128.0,-0.3,55.0,0.1,317.0,0.5
UNIFORM REPLACEMENT,1427.0,2.6,0.0,0.0,1427.0,2.6,0.0,0.0,1427.0,2.6
WATER,2257.0,4.2,2300.0,4.7,-43.0,-0.5,2190.0,5.5,66.0,-1.4
TOTAL GOLF MAINTENANCE OTHER EXPENSES,10884.0,20.1,11800.0,24.0,-916.0,-3.9,10775.0,27.1,109.0,-7.1
TOTAL GOLF MAINTENANCE EXPENSE,37544.0,69.2,44660.0,90.7,-7116.0,-21.5,41614.0,104.7,-4069.0,-35.5
SPECIAL PROGRAMS,0.0,0.0,1415.0,19.6,-1415.0,-19.6,377.0,9.3,-377.0,-9.3
ACTIVITES REVENUE,2599.0,85.5,2795.0,38.8,-196.0,46.7,2541.0,62.8,58.0,22.7
EQUIPMENT RENTAL,291.0,9.6,3000.0,41.6,-2709.0,-32.0,1126.0,27.9,-835.0,-18.3
TOTAL RECREATION REVENUE 1,2890.0,95.1,7210.0,100.0,-4320.0,-4.9,4044.0,100.0,-1154.0,-4.9
OTHER,150.0,4.9,0.0,0.0,150.0,4.9,0.0,0.0,150.0,4.9
TOTAL RECREATION REVENUE 3,150.0,4.9,0.0,0.0,150.0,4.9,0.0,0.0,150.0,4.9
TOTAL RECREATION REVENUE,3040.0,0.2,7210.0,0.6,-4170.0,-0.3,4044.0,0.3,-1004.0,-0.1
TOTAL RECREATION GROSS PROFIT,3040.0,100.0,7210.0,100.0,-4170.0,0.0,4044.0,100.0,-1004.0,0.0
MANAGER,3626.0,119.3,3604.0,50.0,23.0,69.3,923.0,22.8,2703.0,96.4
TOTAL RECREATION MANAGEMENT,3626.0,119.3,3604.0,50.0,23.0,69.3,923.0,22.8,2703.0,96.4
OUTDOOR SERVICES ATTENDANT,1241.0,40.8,1094.0,15.2,147.0,25.6,1615.0,39.9,-375.0,0.9
LIFEGUARDS,0.0,0.0,210.0,2.9,-210.0,-2.9,210.0,5.2,-210.0,-5.2
SUPERVISOR,1541.0,50.7,2956.0,41.0,-1415.0,9.7,3030.0,74.9,-1489.0,-24.2
TOTAL RECREATION NON-MANAGEMENT,2782.0,91.5,4259.0,59.1,-1478.0,32.4,4855.0,120.0,-2073.0,-28.5
SUBTOTAL: RECREATION SALARIES & WAGES,6408.0,210.8,7863.0,109.1,-1455.0,101.7,5778.0,142.9,630.0,67.9
CONTRACTED/LEASED & OUTSOURCED LABOR,2240.0,73.7,2456.0,34.1,-216.0,39.6,2480.0,61.3,-240.0,12.4
TOTAL RECREATION CONTRACT LABOR,2240.0,73.7,2456.0,34.1,-216.0,39.6,2480.0,61.3,-240.0,12.4
"TOTAL RECREATION SALARIES, WAGES, SC, CONTRACT & BONUS",8648.0,284.4,10319.0,143.1,-1671.0,141.3,8258.0,204.2,390.0,80.3
PAYROLL TAXES,618.0,20.3,722.0,10.0,-105.0,10.3,609.0,15.1,8.0,5.2
TOTAL RECREATION TAXES,618.0,20.3,722.0,10.0,-105.0,10.3,609.0,15.1,8.0,5.2
SUPPLEMENTAL PAY,559.0,0.0,422.0,0.0,137.0,0.0,371.0,0.0,188.0,0.0
PTO PAY,344.0,11.3,232.0,3.2,112.0,8.1,-847.0,-20.9,1190.0,32.2
TOTAL RECREATION SUPPLEMENTAL PAY,903.0,29.7,654.0,9.1,249.0,20.6,-476.0,-11.8,1379.0,41.5
WORKERS COMP,609.0,20.0,164.0,2.3,445.0,17.8,240.0,5.9,370.0,14.1
HEALTH INSURANCE,-662.0,-21.8,1496.0,20.8,-2158.0,-42.5,137.0,3.4,-799.0,-25.2
EMPLOYEE MEALS,125.0,4.1,129.0,1.8,-4.0,2.3,4.0,0.1,121.0,4.0
EMPLOYEE BENEFITS,5.0,0.2,3.0,0.0,2.0,0.1,3.0,0.1,2.0,0.1
TOTAL RECREATION BENEFITS,77.0,2.5,1793.0,24.9,-1715.0,-22.3,384.0,9.5,-306.0,-6.9
TOTAL RECREATION PAYROLL RELATED,1598.0,52.6,3169.0,44.0,-1571.0,8.6,517.0,12.8,1081.0,39.8
TOTAL RECREATION LABOR & RELATED,10246.0,337.0,13488.0,187.1,-3242.0,149.9,8775.0,217.0,1471.0,120.0
MISCELLANEOUS,32.0,1.0,95.0,1.3,-63.0,-0.3,0.0,0.0,32.0,1.0
OPERATING SUPPLIES,1067.0,35.1,200.0,2.8,867.0,32.3,238.0,5.9,828.0,29.2
PRINTING & STATIONERY,637.0,20.9,250.0,3.5,387.0,17.5,628.0,15.5,9.0,5.4
TOTAL RECREATION OTHER EXPENSES,1735.0,57.1,545.0,7.6,1190.0,49.5,866.0,21.4,869.0,35.6
TOTAL RECREATION EXPENSE,11981.0,394.1,14033.0,194.6,-2052.0,199.4,9641.0,238.4,2340.0,155.7
TOTAL RECREATION PROFIT,-8941.0,-294.1,-6823.0,-94.6,-2117.0,-199.4,-5597.0,-138.4,-3344.0,-155.7
CANCEL/FORFEITED DEPOSITS,71248.0,53.0,1002.0,1.2,70246.0,51.7,463.0,0.7,70785.0,52.3
ATTRITION,1431.0,1.1,910.0,1.1,521.0,-0.1,0.0,0.0,1431.0,1.1
ATTRITION - F&B,4.0,0.0,406.0,0.5,-402.0,-0.5,0.0,0.0,4.0,0.0
LONG DISTANCE,0.0,0.0,0.0,0.0,0.0,0.0,-6.0,0.0,6.0,0.0
TOTAL MISCELLANEOUS INCOME REVENUE 1,72683.0,54.0,2318.0,2.9,70365.0,51.1,457.0,0.7,72226.0,53.3
RESORT FEE,35701.0,26.5,42777.0,53.1,-7076.0,-26.6,30188.0,44.3,5513.0,-17.8
RESORT FEE GROUP,15365.0,11.4,27230.0,33.8,-11865.0,-22.4,29970.0,44.0,-14605.0,-32.6
OTHER,10404.0,7.7,8063.0,10.0,2340.0,-2.3,8345.0,12.2,2059.0,-4.5
DISCOUNTS,852.0,0.6,381.0,0.5,471.0,0.2,431.0,0.6,421.0,0.0
GUEST LAUNDRY,33.0,0.0,11.0,0.0,22.0,0.0,41.0,0.1,-8.0,0.0
PARKING INCOME,-3479.0,-2.6,-3962.0,-4.9,482.0,2.3,-3970.0,-5.8,491.0,3.2
VENDING COMMISSIONS,2990.0,2.2,3714.0,4.6,-724.0,-2.4,2664.0,3.9,327.0,-1.7
TOTAL MISCELLANEOUS INCOME REVENUE,134549.0,10.6,80533.0,6.6,54016.0,4.0,68125.0,5.3,66424.0,5.3
TOTAL MISCELLANEOUS INCOME PROFIT,134549.0,100.0,80533.0,100.0,54016.0,0.0,68125.0,100.0,66424.0,0.0
MANAGER,14095.0,1.1,15857.0,1.3,-1763.0,-0.2,16752.0,1.3,-2657.0,-0.2
PURCHASING MANAGER,5589.0,0.4,4727.0,0.4,862.0,0.1,5696.0,0.4,-107.0,0.0
CONTROLLER,11972.0,0.9,15153.0,1.2,-3181.0,-0.3,16299.0,1.3,-4327.0,-0.3
SECURITY DIRECTOR,3402.0,0.3,4718.0,0.4,-1316.0,-0.1,4493.0,0.3,-1091.0,-0.1
TOTAL ADMIN & GENERAL MANAGEMENT,35057.0,2.7,40455.0,3.3,-5398.0,-0.6,43240.0,3.4,-8182.0,-0.6
ACCOUNTING STAFF,0.0,0.0,0.0,0.0,0.0,0.0,1789.0,0.1,-1789.0,-0.1
ACCOUNTS RECEIVABLE AGENT,2784.0,0.2,2943.0,0.2,-158.0,0.0,3795.0,0.3,-1011.0,-0.1
INCOME AUDITOR,0.0,0.0,0.0,0.0,0.0,0.0,2887.0,0.2,-2887.0,-0.2
PAYROLL/GEN CASH,305.0,0.0,3413.0,0.3,-3109.0,-0.3,0.0,0.0,305.0,0.0
TOTAL ADMIN & GENERAL ACCOUNTING,3089.0,0.2,6356.0,0.5,-3267.0,-0.3,8471.0,0.7,-5382.0,-0.4
PURCHASING,3129.0,0.2,4474.0,0.4,-1345.0,-0.1,4513.0,0.3,-1384.0,-0.1
TOTAL ADMIN & GENERAL PURCHASING/RECEIVING,3129.0,0.2,4474.0,0.4,-1345.0,-0.1,4513.0,0.3,-1384.0,-0.1
SECURITY AGENTS,9157.0,0.7,10089.0,0.8,-932.0,-0.1,9754.0,0.8,-597.0,0.0
SECURITY SUPERVISOR,6077.0,0.5,6018.0,0.5,59.0,0.0,2204.0,0.2,3873.0,0.3
TOTAL ADMIN & GENERAL SECURITY,15234.0,1.2,16107.0,1.3,-873.0,-0.1,11958.0,0.9,3276.0,0.3
TOTAL ADMIN & GENERAL NON-MANAGEMENT,21451.0,1.7,26937.0,2.2,-5485.0,-0.5,24942.0,1.9,-3490.0,-0.3
SUBTOTAL: ADMIN & GENERAL SALARIES & WAGES,56509.0,4.4,67392.0,5.5,-10883.0,-1.1,68181.0,5.3,-11672.0,-0.9
BONUS/INCENTIVES - ADMIN & GENERAL,4970.0,0.4,4970.0,0.4,0.0,0.0,4780.0,0.4,190.0,0.0
TOTAL ADMIN & GENERAL BONUS,4970.0,0.4,4970.0,0.4,0.0,0.0,4780.0,0.4,190.0,0.0
CONTRACTED/LEASED & OUTSOURCED LABOR,1376.0,0.1,0.0,0.0,1376.0,0.1,6584.0,0.5,-5208.0,-0.4
TOTAL ADMIN & GENERAL CONTRACT LABOR,1376.0,0.1,0.0,0.0,1376.0,0.1,6584.0,0.5,-5208.0,-0.4
"TOTAL ADMIN & GENERAL SALARIES, WAGES, SC, CONTRACT & BONUS",62855.0,4.9,72362.0,5.9,-9507.0,-1.0,79545.0,6.2,-16690.0,-1.2
PAYROLL TAXES,7081.0,0.6,5054.0,0.4,2027.0,0.1,6423.0,0.5,658.0,0.1
TOTAL ADMIN & GENERAL TAXES,7081.0,0.6,5054.0,0.4,2027.0,0.1,6423.0,0.5,658.0,0.1
SUPPLEMENTAL PAY,5340.0,0.0,3039.0,0.0,2301.0,0.0,4035.0,0.0,1305.0,0.0
PTO EXPENSE,5593.0,0.4,3134.0,0.3,2459.0,0.2,-2241.0,-0.2,7834.0,0.6
TOTAL ADMIN & GENERAL SUPPLEMENTAL PAY,10933.0,0.9,6173.0,0.5,4760.0,0.4,1794.0,0.1,9139.0,0.7
WORKERS COMP,749.0,0.1,687.0,0.1,62.0,0.0,764.0,0.1,-14.0,0.0
HEALTH INSURANCE,-2855.0,-0.2,6840.0,0.6,-9695.0,-0.8,7234.0,0.6,-10089.0,-0.8
401K,1035.0,0.1,820.0,0.1,215.0,0.0,820.0,0.1,215.0,0.0
EMPLOYEE MEALS,449.0,0.0,577.0,0.0,-128.0,0.0,19.0,0.0,431.0,0.0
EMPLOYEE BENEFITS,61.0,0.0,40.0,0.0,21.0,0.0,42.0,0.0,19.0,0.0
TOTAL ADMIN & GENERAL BENEFITS,-560.0,0.0,8965.0,0.7,-9525.0,-0.8,8879.0,0.7,-9439.0,-0.7
TOTAL ADMIN & GENERAL PAYROLL RELATED,17454.0,1.4,20193.0,1.6,-2738.0,-0.3,17096.0,1.3,359.0,0.0
TOTAL ADMIN & GENERAL LABOR & RELATED,80309.0,6.3,92554.0,7.5,-12245.0,-1.3,96641.0,7.5,-16331.0,-1.2
BAD DEBT,112.0,0.0,5000.0,0.4,-4888.0,-0.4,3311.0,0.3,-3199.0,-0.2
BANK FEES,1466.0,0.1,2500.0,0.2,-1034.0,-0.1,2576.0,0.2,-1109.0,-0.1
COLLECTION EXPENSE,75.0,0.0,75.0,0.0,0.0,0.0,0.0,0.0,75.0,0.0
COMPLIMENTARY SERVICES & GIFTS,3236.0,0.3,0.0,0.0,3236.0,0.3,0.0,0.0,3236.0,0.3
CREDIT CARD FEES,51722.0,4.1,33100.0,2.7,18622.0,1.4,38862.0,3.0,12861.0,1.0
DUES & SUBSCRIPTIONS,186.0,0.0,221.0,0.0,-35.0,0.0,195.0,0.0,-9.0,0.0
GUEST RECOVERY,0.0,0.0,0.0,0.0,0.0,0.0,8576.0,0.7,-8576.0,-0.7
CORPORATE OFFICE REIMBURSABLES,4065.0,0.3,-3083.0,-0.3,7148.0,0.6,0.0,0.0,4065.0,0.3
LICENSES & PERMITS,2642.0,0.2,2500.0,0.2,142.0,0.0,1765.0,0.1,877.0,0.1
ENTERTAINMENT-IN-HOUSE,82.0,0.0,500.0,0.0,-418.0,0.0,153.0,0.0,-71.0,0.0
MISCELLANEOUS,3728.0,0.3,1850.0,0.2,1878.0,0.1,1571.0,0.1,2158.0,0.2
OPERATING SUPPLIES,1070.0,0.1,1600.0,0.1,-530.0,0.0,1604.0,0.1,-534.0,0.0
OVER/SHORT,2292.0,0.2,0.0,0.0,2292.0,0.2,72.0,0.0,2220.0,0.2
PAYROLL FEES,923.0,0.1,667.0,0.1,256.0,0.0,428.0,0.0,495.0,0.0
POSTAGE - EXPRESS MAIL,15.0,0.0,300.0,0.0,-285.0,0.0,146.0,0.0,-130.0,0.0
PROF FEES - LEGAL,1045.0,0.1,2000.0,0.2,-955.0,-0.1,1720.0,0.1,-675.0,-0.1
SECURITY,0.0,0.0,500.0,0.0,-500.0,0.0,0.0,0.0,0.0,0.0
TOTAL ADMIN & GENERAL OTHER EXPENSES,72660.0,5.7,47730.0,3.9,24929.0,1.8,60978.0,4.7,11682.0,1.0
TOTAL ADMIN & GENERAL EXPENSE,152969.0,12.0,140285.0,11.4,12684.0,0.6,157618.0,12.2,-4649.0,-0.2
DIRECTOR OF HUMAN RESOURCES,12170.0,1.0,13204.0,1.1,-1034.0,-0.1,15755.0,1.2,-3586.0,-0.3
HR ADMINISTRATION,2598.0,0.2,3079.0,0.3,-481.0,0.0,0.0,0.0,2598.0,0.2
SUBTOTAL: HUMAN RESOURCES SALARIES & WAGES,14767.0,1.2,16283.0,1.3,-1515.0,-0.2,15755.0,1.2,-988.0,-0.1
BONUS/INCENTIVES - HUMAN RESOURCES,925.0,0.1,1392.0,0.1,-467.0,0.0,1375.0,0.1,-450.0,0.0
TOTAL HUMAN RESOURCES BONUS,925.0,0.1,1392.0,0.1,-467.0,0.0,1375.0,0.1,-450.0,0.0
"TOTAL HUMAN RESOURCES SALARIES, WAGES, SC, CONTRACT & BONUS",15693.0,1.2,17675.0,1.4,-1982.0,-0.2,17130.0,1.3,-1438.0,-0.1
TOTAL HUMAN RESOURCES PAYROLL,15693.0,1.2,17675.0,1.4,-1982.0,-0.2,17130.0,1.3,-1438.0,-0.1
PAYROLL TAXES,1527.0,0.1,1237.0,0.1,290.0,0.0,1074.0,0.1,453.0,0.0
TOTAL HUMAN RESOURCE TAXES,1527.0,0.1,1237.0,0.1,290.0,0.0,1074.0,0.1,453.0,0.0
SUPPLEMENTAL PAY,1624.0,0.0,790.0,0.0,834.0,0.0,0.0,0.0,1624.0,0.0
PTO EXPENSE,1105.0,0.1,1060.0,0.1,44.0,0.0,155.0,0.0,950.0,0.1
TOTAL HUMAN RESOURCES SUPPLEMENTAL PAY,2729.0,0.2,1851.0,0.2,878.0,0.1,155.0,0.0,2573.0,0.2
WORKERS COMP,113.0,0.0,80.0,0.0,34.0,0.0,15.0,0.0,98.0,0.0
HEALTH INSURANCE,454.0,0.0,693.0,0.1,-238.0,0.0,912.0,0.1,-458.0,0.0
EMPLOYEE MEALS,85.0,0.0,110.0,0.0,-26.0,0.0,3.0,0.0,82.0,0.0
EMPLOYEE BENEFITS,13.0,0.0,15.0,0.0,-2.0,0.0,3.0,0.0,9.0,0.0
TOTAL HUMAN RESOURCES BENEFITS,665.0,0.1,898.0,0.1,-233.0,0.0,934.0,0.1,-269.0,0.0
TOTAL HUMAN RESOURCES TAXES & BENEFITS,4920.0,0.4,3985.0,0.3,935.0,0.1,2163.0,0.2,2757.0,0.2
"TOTAL HUMAN RESOURCES PAYROLL, TAXES & BENEFITS",20613.0,1.6,21660.0,1.8,-1047.0,-0.2,19293.0,1.5,1320.0,0.1
SHARED SERVICES FEE,486.0,0.0,490.0,0.0,-4.0,0.0,516.0,0.0,-30.0,0.0
AWARDS,0.0,0.0,216.0,0.0,-216.0,0.0,0.0,0.0,0.0,0.0
BACKGROUND CHECKS,625.0,0.0,350.0,0.0,275.0,0.0,350.0,0.0,275.0,0.0
EMPLOYEE RECRUITMENT,1118.0,0.1,1615.0,0.1,-497.0,0.0,225.0,0.0,893.0,0.1
EMPLOYEE RELATIONS,-290.0,0.0,3500.0,0.3,-3790.0,-0.3,1055.0,0.1,-1345.0,-0.1
MISCELLANEOUS,0.0,0.0,83.0,0.0,-83.0,0.0,0.0,0.0,0.0,0.0
PROF FEES - LEGAL,0.0,0.0,208.0,0.0,-208.0,0.0,0.0,0.0,0.0,0.0
TOTAL HUMAN RESOURCES OTHER EXPENSES,1940.0,0.2,6462.0,0.5,-4523.0,-0.4,2146.0,0.2,-207.0,0.0
TOTAL HUMAN RESOURCES EXPENSE,22552.0,1.8,28122.0,2.3,-5570.0,-0.5,21439.0,1.7,1113.0,0.1
IT MANAGER,4648.0,0.4,3932.0,0.3,716.0,0.0,4049.0,0.3,599.0,0.1
TELECOMMUNICATIONS,594.0,0.0,0.0,0.0,594.0,0.0,261.0,0.0,334.0,0.0
TOTAL IT SYSTEMS MANAGEMENT,5243.0,0.4,3932.0,0.3,1311.0,0.1,4310.0,0.3,932.0,0.1
TOTAL IT SYSTEMS SALARIES & WAGES,5243.0,0.4,3932.0,0.3,1311.0,0.1,4310.0,0.3,932.0,0.1
"TOTAL IT SYSTEMS SALARIES, WAGES, SC, CONTRACT & BONUS",5243.0,0.4,3932.0,0.3,1311.0,0.1,4310.0,0.3,932.0,0.1
PAYROLL TAXES,480.0,0.0,275.0,0.0,204.0,0.0,396.0,0.0,84.0,0.0
TOTAL IT SYSTEMS TAXES,480.0,6.9,275.0,5.2,204.0,1.7,396.0,6.8,84.0,0.1
SUPPLEMENTAL PAY,231.0,0.0,184.0,0.0,46.0,0.0,0.0,0.0,231.0,0.0
PTO EXPENSE,248.0,0.0,372.0,0.0,-124.0,0.0,428.0,0.0,-180.0,0.0
TOTAL IT SYSTEMS SUPPLEMENTAL PAY,479.0,6.9,556.0,10.6,-77.0,-3.7,428.0,7.3,51.0,-0.4
WORKERS COMP,113.0,0.0,48.0,0.0,66.0,0.0,59.0,0.0,54.0,0.0
HEALTH INSURANCE,561.0,0.0,407.0,0.0,154.0,0.0,636.0,0.0,-75.0,0.0
401K,8.0,0.0,0.0,0.0,8.0,0.0,0.0,0.0,8.0,0.0
EMPLOYEE MEALS,48.0,0.0,34.0,0.0,14.0,0.0,1.0,0.0,47.0,0.0
EMPLOYEE BENEFITS,4.0,0.0,5.0,0.0,-1.0,0.0,0.0,0.0,4.0,0.0
TOTAL IT SYSTEMS BENEFITS,734.0,10.6,494.0,9.4,240.0,1.2,697.0,12.0,37.0,-1.4
TOTAL IT SYSTEMS PAYROLL RELATED,1693.0,24.4,1325.0,25.2,367.0,-0.8,1520.0,26.1,172.0,-1.7
TOTAL IT SYSTEMS LABOR & RELATED,6935.0,0.5,5257.0,0.4,1678.0,0.1,5831.0,0.5,1105.0,0.1
COST OF CELL PHONES,1232.0,0.1,1362.0,0.1,-130.0,0.0,1239.0,0.1,-7.0,0.0
COST OF INTERNET SERVICE,3542.0,0.3,3244.0,0.3,298.0,0.0,3262.0,0.3,280.0,0.0
COST OF LONG DISTANCE CALLS,1025.0,0.1,977.0,0.1,48.0,0.0,952.0,0.1,73.0,0.0
TOTAL IT SYSTEMS COST OF SALES,5799.0,0.5,5583.0,0.5,216.0,0.0,5453.0,0.4,347.0,0.0
ADMINISTRATIVE AND GENERAL,6148.0,0.5,6781.0,0.6,-633.0,-0.1,6512.0,0.5,-364.0,0.0
CENTRALIZED INFORMATION SYSTEM CHANGES,9641.0,0.8,10315.0,0.8,-674.0,-0.1,9932.0,0.8,-291.0,0.0
FOOD AND BEVERAGE,4096.0,0.3,3949.0,0.3,147.0,0.0,3949.0,0.3,147.0,0.0
HARDWARE,0.0,0.0,0.0,0.0,0.0,0.0,14573.0,1.1,-14573.0,-1.1
HUMAN RESOURCES,3876.0,0.3,6400.0,0.5,-2524.0,-0.2,6900.0,0.5,-3024.0,-0.2
INFORMATION SECURITY,916.0,0.1,1548.0,0.1,-632.0,-0.1,1407.0,0.1,-491.0,0.0
INFORMATION SYSTEMS,1439.0,0.1,1106.0,0.1,333.0,0.0,292.0,0.0,1147.0,0.1
PROPERTY OPERATIONS AND MAINTENANCE,725.0,0.1,725.0,0.1,0.0,0.0,725.0,0.1,0.0,0.0
ROOMS,5267.0,0.4,5267.0,0.4,0.0,0.0,5267.0,0.4,0.0,0.0
SALES AND MARKETING,4084.0,0.3,3720.0,0.3,364.0,0.0,2379.0,0.2,1705.0,0.1
TOTAL IT SYSTEMS EXPENSES,36192.0,2.8,39811.0,3.2,-3620.0,-0.4,51935.0,4.0,-15744.0,-1.2
CONTRACT SERVICES,5781.0,0.5,5330.0,0.4,451.0,0.0,5330.0,0.4,451.0,0.0
CORPORATE OFFICE REIMBURSABLES,2116.0,0.2,0.0,0.0,2116.0,0.2,0.0,0.0,2116.0,0.2
OPERATING SUPPLIES,16.0,0.0,50.0,0.0,-34.0,0.0,15.0,0.0,1.0,0.0
TOTAL IT SYSTEMS OTHER EXPENSES,7914.0,0.6,5380.0,0.4,2534.0,0.2,5345.0,0.4,2569.0,0.2
TOTAL IT SYSTEMS EXPENSE,56840.0,4.5,56032.0,4.6,809.0,-0.1,68563.0,5.3,-11723.0,-0.9
DIRECTOR OF REVENUE MANAGEMENT,4896.0,0.4,5897.0,0.5,-1002.0,-0.1,5433.0,0.4,-537.0,0.0
CATERING SALES MANAGER,3218.0,0.3,6924.0,0.6,-3706.0,-0.3,5026.0,0.4,-1808.0,-0.1
DIRECTOR OF CATERING,23025.0,1.8,22808.0,1.9,217.0,-0.1,20814.0,1.6,2211.0,0.2
DIRECTOR OF SALES,5373.0,0.4,6044.0,0.5,-672.0,-0.1,7319.0,0.6,-1946.0,-0.1
SALES MANAGERS,18077.0,1.4,15575.0,1.3,2502.0,0.1,7951.0,0.6,10126.0,0.8
DIRECTOR OF SALES & MARKETING,6529.0,0.5,8658.0,0.7,-2129.0,-0.2,11191.0,0.9,-4663.0,-0.4
DIRECTOR OF MARKETING,13211.0,1.0,12470.0,1.0,740.0,0.0,6354.0,0.5,6857.0,0.5
TOTAL SALES & MARKETING MANAGEMENT,74327.0,5.8,78377.0,6.4,-4049.0,-0.6,64087.0,5.0,10240.0,0.9
ADMINISTRATIVE SUPPORT,6297.0,0.5,6242.0,0.5,55.0,0.0,3169.0,0.2,3127.0,0.2
TOTAL SALES & MARKETING NON-MANAGEMENT,6297.0,0.5,6242.0,0.5,55.0,0.0,3169.0,0.2,3127.0,0.2
SUBTOTAL: SALES & MARKETING SALARIES & WAGES,80624.0,6.3,84619.0,6.9,-3995.0,-0.6,67257.0,5.2,13367.0,1.1
BONUS/INCENTIVES - SALES AND MARKETING,11346.0,0.9,11407.0,0.9,-61.0,0.0,16267.0,1.3,-4922.0,-0.4
TOTAL SALES & MARKETING BONUS,11346.0,0.9,11407.0,0.9,-61.0,0.0,16267.0,1.3,-4922.0,-0.4
"TOTAL SALES & MARKETING SALARIES, WAGES, SC, CONTRACT & BONUS",91970.0,7.2,96025.0,7.8,-4055.0,-0.6,83524.0,6.5,8446.0,0.7
PAYROLL TAXES,8808.0,0.7,7682.0,0.6,1126.0,0.1,6215.0,0.5,2593.0,0.2
TOTAL SALES & MARKETING TAXES,8808.0,0.7,7682.0,0.6,1126.0,0.1,6215.0,0.5,2593.0,0.2
SUPPLEMENTAL PAY,8731.0,0.7,4552.0,0.4,4180.0,0.3,4615.0,0.4,4116.0,0.3
PTO EXPENSE,6311.0,0.5,5589.0,0.5,723.0,0.0,14805.0,1.1,-8493.0,-0.7
TOTAL SALES & MARKETING SUPPLEMENTAL PAY,15043.0,1.2,10140.0,0.8,4902.0,0.4,19420.0,1.5,-4377.0,-0.3
WORKERS COMP,655.0,0.1,759.0,0.1,-103.0,0.0,663.0,0.1,-8.0,0.0
HEALTH INSURANCE,-5633.0,-0.4,9458.0,0.8,-15091.0,-1.2,7980.0,0.6,-13613.0,-1.1
401K,1176.0,0.1,1364.0,0.1,-188.0,0.0,1020.0,0.1,156.0,0.0
EMPLOYEE MEALS,550.0,0.0,644.0,0.1,-94.0,0.0,17.0,0.0,533.0,0.0
EMPLOYEE BENEFITS,70.0,0.0,50.0,0.0,20.0,0.0,41.0,0.0,30.0,0.0
TOTAL SALES & MARKETING BENEFITS,-3181.0,-0.2,12274.0,1.0,-15456.0,-1.3,9720.0,0.8,-12902.0,-1.0
TOTAL SALES & MARKETING PAYROLL RELATED EXPENSES,20670.0,1.6,30097.0,2.5,-9427.0,-0.8,35355.0,2.7,-14685.0,-1.1
TOTAL SALES & MARKETING TOTAL LABOR & RELATED,112639.0,8.8,126122.0,10.3,-13482.0,-1.5,118879.0,9.2,-6239.0,-0.4
AGENCY FEES,5550.0,0.4,7550.0,0.6,-2000.0,-0.2,7155.0,0.6,-1605.0,-0.1
SHARED SERVICES,3037.0,0.2,3065.0,0.3,-27.0,0.0,3227.0,0.3,-190.0,0.0
CONTRACT SERVICES,2450.0,0.2,2580.0,0.2,-131.0,0.0,1626.0,0.1,824.0,0.1
DIRECT MAIL,2579.0,0.2,5350.0,0.4,-2771.0,-0.2,1854.0,0.1,725.0,0.1
DUES & SUBSCRIPTIONS,11746.0,0.9,11881.0,1.0,-135.0,0.0,18105.0,1.4,-6359.0,-0.5
EMPLOYEE TRAIN & DEVELOP,336.0,0.0,350.0,0.0,-14.0,0.0,350.0,0.0,-14.0,0.0
COMPLIMENTARY SERVICES & GIFTS,1863.0,0.1,2000.0,0.2,-137.0,0.0,683.0,0.1,1179.0,0.1
CORPORATE OFFICE REIMBURSABLES,4693.0,0.4,4693.0,0.4,0.0,0.0,0.0,0.0,4693.0,0.4
ENTERTAINMENT-IN-HOUSE,3844.0,0.3,3800.0,0.3,44.0,0.0,1792.0,0.1,2052.0,0.2
OPERATING SUPPLIES,1965.0,0.2,1700.0,0.1,265.0,0.0,2057.0,0.2,-93.0,0.0
OUTSIDE SERVICES,1801.0,0.1,740.0,0.1,1061.0,0.1,743.0,0.1,1058.0,0.1
POSTAGE - EXPRESS MAIL,29.0,0.0,25.0,0.0,4.0,0.0,10.0,0.0,19.0,0.0
MEDIA - PRINT,4443.0,0.3,4175.0,0.3,268.0,0.0,0.0,0.0,4443.0,0.3
PRODUCTION,12969.0,1.0,12959.0,1.1,10.0,0.0,5235.0,0.4,7734.0,0.6
MEDIA-F&B ADVERTISING,815.0,0.1,2083.0,0.2,-1268.0,-0.1,0.0,0.0,815.0,0.1
MEDIA-SPA ADVERTISING,0.0,0.0,1674.0,0.1,-1674.0,-0.1,536.0,0.0,-536.0,0.0
MEDIA-GOLF ADVERTISING,0.0,0.0,1000.0,0.1,-1000.0,-0.1,1000.0,0.1,-1000.0,-0.1
MEDIA-TRANSIENT,3000.0,0.2,3000.0,0.2,0.0,0.0,13000.0,1.0,-10000.0,-0.8
PROMOTIONS,840.0,0.1,1600.0,0.1,-760.0,-0.1,255.0,0.0,584.0,0.0
THIRD PARTY REPRESENTATION,11925.0,0.9,12175.0,1.0,-250.0,-0.1,15865.0,1.2,-3940.0,-0.3
TRADE SHOWS,-1991.0,-0.2,950.0,0.1,-2941.0,-0.2,1775.0,0.1,-3766.0,-0.3
T&E - MEALS,46.0,0.0,0.0,0.0,46.0,0.0,0.0,0.0,46.0,0.0
T&E - OTHER,500.0,0.0,500.0,0.0,0.0,0.0,600.0,0.0,-100.0,0.0
WEBSITE,37580.0,2.9,38680.0,3.2,-1100.0,-0.2,33435.0,2.6,4145.0,0.4
LOYALTY PROGRAMS AND AFFILIATI,3130.0,0.2,2383.0,0.2,748.0,0.1,0.0,0.0,3130.0,0.2
FRANCHISE AND AFFILIATION ADVE,10699.0,0.8,11675.0,1.0,-975.0,-0.1,12140.0,0.9,-1441.0,-0.1
FRANCHISE AND AFFILIATION ADVE,21398.0,1.7,23302.0,1.9,-1904.0,-0.2,19425.0,1.5,1973.0,0.2
FRANCHISE AND AFFILIATION ADVE,32270.0,2.5,32758.0,2.7,-488.0,-0.1,30241.0,2.3,2029.0,0.2
TOTAL SALES & MARKETING OTHER EXPENSES,177518.0,13.9,192647.0,15.7,-15129.0,-1.8,171112.0,13.3,6407.0,0.7
TOTAL SALES & MARKETING EXPENSE,290158.0,22.8,318769.0,26.0,-28612.0,-3.2,289990.0,22.5,167.0,0.3
GAS,6068.0,0.5,15000.0,1.2,-8932.0,-0.7,10270.0,0.8,-4202.0,-0.3
ELECTRICITY,82791.0,6.5,75000.0,6.1,7791.0,0.4,69397.0,5.4,13394.0,1.1
WATER,21282.0,1.7,17000.0,1.4,4282.0,0.3,16232.0,1.3,5050.0,0.4
TOTAL UTILITIES EXPENSE,110141.0,8.6,107000.0,8.7,3141.0,-0.1,95899.0,7.4,14242.0,1.2
DIRECTOR OF ENGINEERING,10846.0,0.9,9652.0,0.8,1194.0,0.1,9177.0,0.7,1670.0,0.1
CHIEF ENGINEER,4189.0,0.3,5953.0,0.5,-1763.0,-0.2,5423.0,0.4,-1234.0,-0.1
TOTAL PROPERTY OPERATIONS MANAGEMENT,15035.0,1.2,15605.0,1.3,-569.0,-0.1,14600.0,1.1,436.0,0.0
ADMINISTRATIVE SUPPORT,0.0,0.0,0.0,0.0,0.0,0.0,836.0,0.1,-836.0,-0.1
SUPERVISOR,7974.0,0.6,7069.0,0.6,905.0,0.0,5022.0,0.4,2952.0,0.2
DUTY ENGINEER,0.0,0.0,0.0,0.0,0.0,0.0,3324.0,0.3,-3324.0,-0.3
GENERAL MAINTENANCE,15382.0,1.2,26479.0,2.2,-11097.0,-1.0,22508.0,1.7,-7126.0,-0.5
TOTAL PROPERTY OPERATIONS NON-MANAGEMENT,23357.0,1.8,33548.0,2.7,-10191.0,-0.9,31691.0,2.5,-8334.0,-0.6
SUBTOTAL: PROPERTY OPERATIONS SALARIES & WAGES,38392.0,3.0,49153.0,4.0,-10761.0,-1.0,46291.0,3.6,-7899.0,-0.6
BONUS/INCENTIVES -PROPERTY OPERATIONS,1750.0,0.1,1750.0,0.1,0.0,0.0,0.0,0.0,1750.0,0.1
TOTAL PROPERTY OPERATIONS BONUS,1750.0,0.1,1750.0,0.1,0.0,0.0,0.0,0.0,1750.0,0.1
"TOTAL PROPERTY OPERATIONS SALARIES, WAGES, SC, CONTRACT & BONUS",40142.0,3.1,50903.0,4.2,-10761.0,-1.0,46291.0,3.6,-6149.0,-0.4
PAYROLL TAXES,4195.0,0.3,3894.0,0.3,301.0,0.0,3541.0,0.3,654.0,0.1
TOTAL PROPERTY OPERATIONS TAXES,4195.0,0.3,3894.0,0.3,301.0,0.0,3541.0,0.3,654.0,0.1
SUPPLEMENTAL PAY,10265.0,0.8,2352.0,0.2,7914.0,0.6,-1592.0,-0.1,11858.0,0.9
PTO EXPENSE,2446.0,0.2,2082.0,0.2,364.0,0.0,1604.0,0.1,842.0,0.1
TOTAL PROPERTY OPERATIONS SUPPLEMENTAL PAY,12711.0,1.0,4434.0,0.4,8278.0,0.6,12.0,0.0,12700.0,1.0
WORKERS COMP,514.0,0.0,713.0,0.1,-199.0,0.0,792.0,0.1,-278.0,0.0
HEALTH INSURANCE,-3716.0,-0.3,4306.0,0.4,-8022.0,-0.6,6146.0,0.5,-9861.0,-0.8
401K,150.0,0.0,102.0,0.0,48.0,0.0,469.0,0.0,-319.0,0.0
EMPLOYEE MEALS,518.0,0.0,536.0,0.0,-18.0,0.0,15.0,0.0,503.0,0.0
EMPLOYEE BENEFITS,34.0,0.0,25.0,0.0,9.0,0.0,25.0,0.0,9.0,0.0
TOTAL PROPERTY OPERATIONS BENEFITS,-2499.0,-0.2,5682.0,0.5,-8181.0,-0.7,7446.0,0.6,-9946.0,-0.8
TOTAL PROPERTY OPERATIONS PAYROLL RELATED,14408.0,1.1,14010.0,1.1,398.0,0.0,10999.0,0.9,3408.0,0.3
TOTAL PROPERTY OPERATIONS LABOR & RELATED,54550.0,4.3,64912.0,5.3,-10363.0,-1.0,57290.0,4.4,-2740.0,-0.2
AUTOMOBILE REPAIR,277.0,0.0,750.0,0.1,-473.0,0.0,610.0,0.0,-332.0,0.0
BUILDING,3501.0,0.3,5833.0,0.5,-2332.0,-0.2,4524.0,0.4,-1023.0,-0.1
R&M MAINT CONTRACTS,12475.0,1.0,13689.0,1.1,-1214.0,-0.1,16372.0,1.3,-3898.0,-0.3
ELECTRICAL/MECHANICAL,-2205.0,-0.2,2083.0,0.2,-4288.0,-0.3,389.0,0.0,-2595.0,-0.2
ELEVATORS,-1461.0,-0.1,4375.0,0.4,-5836.0,-0.5,0.0,0.0,-1461.0,-0.1
ENGINEERING SUPPLIES,658.0,0.1,500.0,0.0,158.0,0.0,0.0,0.0,658.0,0.1
FURNITURE & EQUIPMENT,5943.0,0.5,6900.0,0.6,-957.0,-0.1,12.0,0.0,5931.0,0.5
GROUNDS/LANDSCAPING,33066.0,2.6,32200.0,2.6,866.0,0.0,21731.0,1.7,11334.0,0.9
HVAC,-5238.0,-0.4,4590.0,0.4,-9828.0,-0.8,4410.0,0.3,-9648.0,-0.8
KITCHEN REPAIRS,-6696.0,-0.5,5670.0,0.5,-12366.0,-1.0,10263.0,0.8,-16959.0,-1.3
LAUNDRY REPAIRS,65.0,0.0,499.0,0.0,-433.0,0.0,812.0,0.1,-747.0,-0.1
LIFE & SAFETY,1288.0,0.1,4910.0,0.4,-3622.0,-0.3,4719.0,0.4,-3431.0,-0.3
LIGHTING,739.0,0.1,716.0,0.1,23.0,0.0,0.0,0.0,739.0,0.1
MISCELLANEOUS,-1931.0,-0.2,200.0,0.0,-2131.0,-0.2,41.0,0.0,-1972.0,-0.2
OPERATING SUPPLIES,288.0,0.0,300.0,0.0,-12.0,0.0,111.0,0.0,177.0,0.0
PAINTING,1155.0,0.1,1083.0,0.1,72.0,0.0,149.0,0.0,1006.0,0.1
PLUMBING/IRRIGATION,1569.0,0.1,3320.0,0.3,-1751.0,-0.1,3190.0,0.2,-1621.0,-0.1
POOL REPAIRS,5158.0,0.4,9670.0,0.8,-4512.0,-0.4,9670.0,0.7,-4512.0,-0.3
TRASH REMOVAL,11592.0,0.9,8030.0,0.7,3562.0,0.3,7724.0,0.6,3868.0,0.3
T&E - MEALS,20.0,0.0,30.0,0.0,-10.0,0.0,0.0,0.0,20.0,0.0
UNIFORM REPLACEMENT,-1887.0,-0.1,0.0,0.0,-1887.0,-0.1,0.0,0.0,-1887.0,-0.1
TOTAL PROPERTY OPERATIONS OTHER EXPENSES,58376.0,4.6,105347.0,8.6,-46972.0,-4.0,84728.0,6.6,-26352.0,-2.0
TOTAL PROPERTY OPERATIONS EXPENSE,112925.0,8.9,170260.0,13.9,-57335.0,-5.0,142018.0,11.0,-29092.0,-2.2
ATTENDANTS,0.0,0.0,2863.0,0.2,-2863.0,-0.2,3019.0,0.2,-3019.0,-0.2
TOTAL HOUSE LAUNDRY SALARIES & WAGES,0.0,0.0,2863.0,0.2,-2863.0,-0.2,3019.0,0.2,-3019.0,-0.2
CONTRACTED/LEASED & OUTSOURCED LABOR,7626.0,0.6,4652.0,0.4,2974.0,0.2,5082.0,0.4,2544.0,0.2
"TOTAL HOUSE LAUNDRY SALARIES, WAGES, SC, CONTRACT & BONUS",7626.0,0.6,7515.0,0.6,111.0,0.0,8100.0,0.6,-475.0,0.0
PAYROLL TAXES,0.0,0.0,564.0,0.0,-564.0,0.0,0.0,0.0,0.0,0.0
TOTAL HOUSE LAUNDRY TAXES,0.0,0.0,564.0,0.0,-564.0,0.0,0.0,0.0,0.0,0.0
SUPPLEMENTAL PAY,0.0,0.0,252.0,0.0,-252.0,0.0,0.0,0.0,0.0,0.0
PTO EXPENSE,0.0,0.0,126.0,0.0,-126.0,0.0,656.0,0.1,-656.0,-0.1
TOTAL HOUSE LAUNDRY SUPPLEMENTAL PAY,0.0,0.0,379.0,0.0,-379.0,0.0,656.0,0.1,-656.0,-0.1
WORKERS COMP,115.0,0.0,49.0,0.0,66.0,0.0,93.0,0.0,22.0,0.0
HEALTH INSURANCE,0.0,0.0,676.0,0.1,-676.0,-0.1,0.0,0.0,0.0,0.0
EMPLOYEE MEALS,105.0,0.0,60.0,0.0,45.0,0.0,0.0,0.0,105.0,0.0
TOTAL HOUSE LAUNDRY BENEFITS,220.0,0.0,785.0,0.1,-565.0,0.0,93.0,0.0,127.0,0.0
TOTAL HOUSE LAUNDRY PAYROLL RELATED,220.0,0.0,1727.0,0.1,-1507.0,-0.1,749.0,0.1,-529.0,0.0
TOTAL HOUSE LAUNDRY LABOR & RELATED,7845.0,0.6,9242.0,0.8,-1397.0,-0.1,8849.0,0.7,-1004.0,-0.1
CLEANING SUPPLIES,1952.0,0.2,1702.0,0.1,250.0,0.0,997.0,0.1,955.0,0.1
OPERATING SUPPLIES,230.0,0.0,699.0,0.1,-468.0,0.0,0.0,0.0,230.0,0.0
TOTAL HOUSE LAUNDRY EXPENSE BEFORE ALLOCATION,10027.0,0.8,11643.0,0.9,-1615.0,-0.2,9846.0,0.8,181.0,0.0
ALLOCATION TO ROOMS,-8328.0,-0.7,-9896.0,-0.8,1569.0,0.2,-6400.0,-0.5,-1928.0,-0.2
ALLOCATION TO FOOD & BEVERAGE,0.0,0.0,0.0,0.0,0.0,0.0,-2462.0,-0.2,2462.0,0.2
ALLOCATION TO SPA,-1470.0,-0.1,-1746.0,-0.1,277.0,0.0,-985.0,-0.1,-485.0,0.0
TOTAL HOUSE LAUNDRY EXPENSE AFTER ALLOCATION,230.0,0.0,0.0,0.0,230.0,0.0,0.0,0.0,230.0,0.0
OTHER INCOME,20296.0,1.6,19061.0,1.6,1235.0,0.0,21821.0,1.7,-1525.0,-0.1
INTEREST INCOME,5327.0,0.4,0.0,0.0,5327.0,0.4,0.0,0.0,5327.0,0.4
TOTAL NON-OPERATING INCOME & EXPENSE REVENUE,25623.0,2.0,19061.0,1.6,6562.0,0.5,21821.0,1.7,3802.0,0.3
OBLIGATIONS UNDER CAPITAL LEASE,4950.0,0.4,4950.0,0.4,0.0,0.0,5014.0,0.4,-64.0,0.0
TOTAL 900 - NON-OPERATING INCOME & EXPENSE  RENT,4950.0,0.4,4950.0,0.4,0.0,0.0,5014.0,0.4,-64.0,0.0
REAL ESTATE TAX,143342.0,11.2,143041.0,11.7,301.0,-0.4,109554.0,8.5,33788.0,2.7
PERSONAL PROPERTY TAX,7659.0,0.6,0.0,0.0,7659.0,0.6,0.0,0.0,7659.0,0.6
OTHER TAXES,10198.0,0.8,7589.0,0.6,2608.0,0.2,10110.0,0.8,87.0,0.0
TOTAL 900 - NON-OPERATING INCOME & EXPENSE PROPERTY AND OTHER TAXES,161198.0,12.6,150630.0,12.3,10568.0,0.4,119664.0,9.3,41534.0,3.4
BUILDING & CONTENTS,16898.0,1.3,31734.0,2.6,-14836.0,-1.3,17836.0,1.4,-938.0,-0.1
CRIME,141.0,0.0,329.0,0.0,-188.0,0.0,329.0,0.0,-188.0,0.0
LIABILITY,8657.0,0.7,0.0,0.0,8657.0,0.7,0.0,0.0,8657.0,0.7
AUTO INSURANCE,315.0,0.0,315.0,0.0,0.0,0.0,297.0,0.0,18.0,0.0
EMPLOY PRACTICES LIAB INS,1795.0,0.1,1795.0,0.1,0.0,0.0,0.0,0.0,1795.0,0.1
TOTAL NON-OP INSURANCE,27806.0,2.2,34173.0,2.8,-6367.0,-0.6,18461.0,1.4,9345.0,0.7
BASE MANAGEMENT FEE,27337.0,2.1,27584.0,2.2,-247.0,-0.1,35497.0,2.8,-8160.0,-0.6
BASE MANAGEMENT FEE 2,-4167.0,-0.3,-4167.0,-0.3,0.0,0.0,-4167.0,-0.3,0.0,0.0
TOTAL 900 - NON-OPERATING INCOME & EXPENSE MANAGEMENT FEES,23170.0,1.8,23417.0,1.9,-247.0,-0.1,31330.0,2.4,-8160.0,-0.6
INTEREST EXPENSE,-38769.0,-3.0,0.0,0.0,-38769.0,-3.0,0.0,0.0,-38769.0,-3.0
TOTAL 900 - NON-OPERATING INCOME & EXPENSE INTEREST EXPENSE,-38769.0,-3.0,0.0,0.0,-38769.0,-3.0,0.0,0.0,-38769.0,-3.0
"TOTAL 900 - NON-OPERATING INCOME & EXPENSE INTEREST, DEPRECIATION AND AMORTIZATION",-38769.0,-3.0,0.0,0.0,-38769.0,-3.0,0.0,0.0,-38769.0,-3.0
OWNER'S EXPENSE-MISC,28554.0,2.2,21375.0,1.7,7178.0,0.5,21375.0,1.7,7178.0,0.6
ASSET MANAGEMENT FEE,0.0,0.0,0.0,0.0,0.0,0.0,5164.0,0.4,-5164.0,-0.4
MISCELLANEOUS OWNERSHIP,12719.0,1.0,12719.0,1.0,0.0,0.0,0.0,0.0,12719.0,1.0
TOTAL 900 - NON-OPERATING INCOME & EXPENSE OTHER EXPENSES,41273.0,3.2,34094.0,2.8,7178.0,0.5,26539.0,2.1,14734.0,1.2
TOTAL 900 - NON-OPERATING INCOME & EXPENSE EXPENSE,219628.0,17.2,247265.0,20.2,-27637.0,-2.9,201009.0,15.6,18619.0,1.6
TOTAL 900 - NON-OPERATING INCOME & EXPENSE NET EXPENSE,194005.0,15.2,228204.0,18.6,-34199.0,-3.4,179188.0,13.9,14817.0,1.3
PARTNERSHIP EXPENSE,34111.0,2.7,17531.0,1.4,16580.0,1.2,4546.0,0.4,29564.0,2.3
TOTAL OTHER NON-OP EXPENSE OTHER EXPENSES,34111.0,2.7,17531.0,1.4,16580.0,1.2,4546.0,0.4,29564.0,2.3
RESERVE,48599.0,3.8,49038.0,4.0,-439.0,-0.2,25818.0,2.0,22781.0,1.8
RESERVE OFFSET,-48599.0,-3.8,-49038.0,-4.0,439.0,0.2,-25818.0,-2.0,-22781.0,-1.8
INTEREST-MORTGAGE,632883.0,49.6,504064.0,41.1,128819.0,8.5,408337.0,31.7,224545.0,18.0
TOTAL INTEREST EXPENSE,632883.0,49.6,504064.0,41.1,128819.0,8.5,408337.0,31.7,224545.0,18.0
AMORTIZATION,50538.0,4.0,50538.0,4.1,0.0,-0.2,2055.0,0.2,48483.0,3.8
TOTAL AMORTIZATION,50538.0,4.0,50538.0,4.1,0.0,-0.2,2055.0,0.2,48483.0,3.8
DEPRECIATION,314069.0,24.6,350620.0,28.6,-36551.0,-4.0,322364.0,25.0,-8295.0,-0.4
TOTAL DEPRECIATION,314069.0,24.6,350620.0,28.6,-36551.0,-4.0,322364.0,25.0,-8295.0,-0.4
"TOTAL INTEREST, DEPRECIATION AND AMORTIZATION",997489.0,78.2,905222.0,73.8,92267.0,4.4,732756.0,56.8,264733.0,21.4
TOTAL OTHER NON-OPERATING EXPENSES,1031600.0,80.9,922753.0,75.3,108847.0,5.6,737302.0,57.2,294298.0,23.8
