Description,FC_AMT,FC_%REV,BUDGET_AMT,BUDGET_%REV,VAR_AMT,VAR_%REV,LY_AMT,LY_%REV,LY_VAR_AMT,LY_VAR_%REV
REV PAR,94.15,,105.83,,-11.68,,69.96,,24.19,
Food & Beverage,769127.00,39.70,813629.00,37.70,-44502.00,2.00,540662.00,37.30,228465.00,2.30
Total Departmental Expenses,1098295.00,56.60,1167177.00,54.00,-68881.00,2.60,874398.00,60.40,223898.00,-3.80
EBITDA Less Reserve,-356015.00,-18.40,-229975.00,-10.60,-126040.00,-7.70,-410390.00,-28.30,54375.00,10.00
VENUE 1 FOOD,43168.00,5.60,80000.00,9.80,-36832.00,-4.20,59334.00,11.00,-16166.00,-5.40
VENUE 2 FOOD,70629.00,9.20,74088.00,9.10,-3459.00,0.10,54142.00,10.00,16488.00,-0.80
VENUE 3 FOOD,36972.00,4.80,46877.00,5.80,-9906.00,-1.00,30849.00,5.70,6123.00,-0.90
VENUE 6 FOOD,1463.00,0.20,1854.00,0.20,-392.00,0.00,1832.00,0.30,-370.00,-0.10
VENUE 7 FOOD,10135.00,1.30,12851.00,1.60,-2715.00,-0.30,24039.00,4.40,-13904.00,-3.10
VENUE 8 FOOD,4012.00,0.50,5086.00,0.60,-1075.00,-0.10,4197.00,0.80,-185.00,-0.30
BANQUET & CATERING FOOD,249942.00,32.50,231827.00,28.50,18115.00,4.00,93428.00,17.30,156513.00,15.20
TOTAL F&B FOOD REVENUE,416320.00,54.10,452584.00,55.60,-36264.00,-1.50,267820.00,49.50,148500.00,4.60
VENUE 1 BEVERAGE,18768.00,2.40,31441.00,3.90,-12674.00,-1.40,47553.00,8.80,-28785.00,-6.40
VENUE 2 BEVERAGE,37856.00,4.90,39359.00,4.80,-1504.00,0.10,43336.00,8.00,-5480.00,-3.10
VENUE 3 BEVERAGE,2337.00,0.30,2963.00,0.40,-626.00,-0.10,2446.00,0.50,-109.00,-0.10
VENUE 6 BEVERAGE,4584.00,0.60,5812.00,0.70,-1228.00,-0.10,5090.00,0.90,-506.00,-0.30
VENUE 7 BEVERAGE,41370.00,5.40,48755.00,6.00,-7385.00,-0.60,44322.00,8.20,-2953.00,-2.80
VENUE 8 BEVERAGE,152.00,0.00,193.00,0.00,-41.00,0.00,470.00,0.10,-317.00,-0.10
BANQUET & CATERING BEVERAGE,44867.00,5.80,42630.00,5.20,2237.00,0.60,26603.00,4.90,18265.00,0.90
TOTAL F&B BEVERAGE REVENUE,149933.00,19.50,171154.00,21.00,-21220.00,-1.50,169819.00,31.40,-19886.00,-11.90
TOTAL F&B  REVENUE,566254.00,73.60,623738.00,76.70,-57484.00,-3.00,437639.00,80.90,128614.00,-7.30
MEETING RENTAL AND SETUP CHARGES,47913.00,6.20,44380.00,5.50,3534.00,0.80,15254.00,2.80,32659.00,3.40
AV RENTAL,49011.00,6.40,45396.00,5.60,3615.00,0.80,26448.00,4.90,22563.00,1.50
BANQUET OTHER,9964.00,1.30,9229.00,1.10,735.00,0.20,9880.00,1.80,84.00,-0.50
SERVICE CHARGES,89327.00,11.60,83478.00,10.30,5849.00,1.40,47300.00,8.70,42027.00,2.90
OTHER,6659.00,0.90,7409.00,0.90,-750.00,0.00,4483.00,0.80,2175.00,0.00
ALLOWANCES & DISCOUNTS,0.00,0.00,0.00,0.00,0.00,0.00,-343.00,-0.10,343.00,0.10
TOTAL F&B OTHER REVENUE,202874.00,26.40,189892.00,23.30,12982.00,3.00,103022.00,19.10,99851.00,7.30
TOTAL F&B DEPARTMENT REVENUE,769127.00,39.70,813629.00,37.70,-44502.00,2.00,540662.00,37.30,228465.00,2.30
FOOD COS,111616.00,26.80,122330.00,27.00,-10714.00,-0.20,94054.00,35.10,17562.00,-8.30
LIQUOR COST,14872.00,9.90,17622.00,10.30,-2750.00,-0.40,17419.00,10.30,-2546.00,-0.30
BEER COST,7111.00,4.70,7767.00,4.50,-656.00,0.20,5437.00,3.20,1674.00,1.50
WINE COST,2945.00,2.00,2976.00,1.70,-32.00,0.20,4392.00,2.60,-1448.00,-0.60
TOTAL BEVERAGE COS,24928.00,16.60,28365.00,16.60,-3437.00,0.10,27248.00,16.00,-2320.00,0.60
AV RENTAL COS,29779.00,3.90,27583.00,3.40,2196.00,0.50,12607.00,2.30,17172.00,1.50
OTHER REVENUE COS,2196.00,1.10,2539.00,1.30,-343.00,-0.30,-643.00,-0.60,2839.00,1.70
TOTAL F&B COST OF SALES,168519.00,21.90,180817.00,22.20,-12297.00,-0.30,133266.00,24.60,35253.00,-2.70
TOTAL F&B GROSS PROFIT,600608.00,78.10,632813.00,77.80,-32205.00,0.30,407395.00,75.40,193212.00,2.70
SOUS CHEF,16418.00,2.10,16418.00,2.00,0.00,0.10,9628.00,1.80,6789.00,0.40
EXECUTIVE CHEF,8404.00,1.10,8404.00,1.00,0.00,0.10,0.00,0.00,8404.00,1.10
EXECUTIVE SOUS CHEF,7308.00,1.00,7308.00,0.90,0.00,0.10,0.00,0.00,7308.00,1.00
TOTAL F&B KITCHEN MANAGEMENT,32130.00,4.20,32130.00,3.90,0.00,0.20,9628.00,1.80,22502.00,2.40
MANAGER,28214.00,3.70,28214.00,3.50,0.00,0.20,24281.00,4.50,3933.00,-0.80
ASSIST MANAGER,9898.00,1.30,9898.00,1.20,0.00,0.10,7312.00,1.40,2586.00,-0.10
RESTAURANT MANAGER NE,10560.00,1.40,9781.00,1.20,779.00,0.20,9281.00,1.70,1279.00,-0.30
F&B DIRECTOR,9865.00,1.30,9865.00,1.20,0.00,0.10,8656.00,1.60,1209.00,-0.30
TOTAL F&B SERVICE MANAGEMENT,58537.00,7.60,57758.00,7.10,779.00,0.50,49530.00,9.20,9007.00,-1.60
TOTAL F&B MANAGEMENT,90667.00,11.80,89888.00,11.00,779.00,0.70,59158.00,10.90,31509.00,0.80
COOK,43165.00,5.60,52218.00,6.40,-9053.00,-0.80,37959.00,7.00,5205.00,-1.40
STEWARD,40203.00,5.20,67074.00,8.20,-26870.00,-3.00,4889.00,0.90,35314.00,4.30
KITCHEN SUPERVISOR,10232.00,1.30,10232.00,1.30,0.00,0.10,14923.00,2.80,-4691.00,-1.40
CHIEF STEWARD,4417.00,0.60,4417.00,0.50,0.00,0.00,0.00,0.00,4417.00,0.60
TOTAL F&B KITCHEN NON-MANAGEMENT,98017.00,12.70,133940.00,16.50,-35923.00,-3.70,57771.00,10.70,40246.00,2.10
SERVERS,22822.00,3.00,21879.00,2.70,944.00,0.30,15696.00,2.90,7127.00,0.10
BUSSERS,4169.00,0.50,4659.00,0.60,-490.00,0.00,4093.00,0.80,76.00,-0.20
RUNNER,2823.00,0.40,2952.00,0.40,-129.00,0.00,0.00,0.00,2823.00,0.40
CASHIER,7857.00,1.00,9961.00,1.20,-2105.00,-0.20,7798.00,1.40,59.00,-0.40
BARTENDERS,12517.00,1.60,12996.00,1.60,-479.00,0.00,12086.00,2.20,430.00,-0.60
BARBACKS,5639.00,0.70,5941.00,0.70,-302.00,0.00,2084.00,0.40,3555.00,0.30
HOSTS,8334.00,1.10,8837.00,1.10,-504.00,0.00,4488.00,0.80,3846.00,0.30
SUPERVISOR,12304.00,1.60,12529.00,1.50,-226.00,0.10,9969.00,1.80,2335.00,-0.20
BANQUET SETUP/BREAKDOWN,4781.00,0.60,4428.00,0.50,353.00,0.10,4011.00,0.70,770.00,-0.10
ADMINISTRATIVE SUPPORT,3040.00,0.40,3040.00,0.40,0.00,0.00,2610.00,0.50,430.00,-0.10
TOTAL F&B VENUE NON-MANAGEMENT,84285.00,11.00,87222.00,10.70,-2937.00,0.20,62835.00,11.60,21450.00,-0.70
TOTAL F&B NON-MANAGEMENT,182302.00,23.70,221163.00,27.20,-38861.00,-3.50,120606.00,22.30,61696.00,1.40
SUBTOTAL: F&B SALARIES & WAGES,272969.00,35.50,311051.00,38.20,-38082.00,-2.70,179765.00,33.20,93205.00,2.20
SERVICE CHARGES DISTRIBUTED,46898.00,6.10,43790.00,5.40,3108.00,0.70,24693.00,4.60,22205.00,1.50
TOTAL F&B SERVICE CHARGE,46898.00,6.10,43790.00,5.40,3108.00,0.70,24693.00,4.60,22205.00,1.50
BONUS/INCENTIVES - BANQUETS AND CATERING,1688.00,0.20,1688.00,0.20,0.00,0.00,1481.00,0.30,207.00,-0.10
TOTAL F&B BONUS,1688.00,0.20,1688.00,0.20,0.00,0.00,1481.00,0.30,207.00,-0.10
CONTRACTED/LEASED & OUTSOURCED LABOR,46267.00,6.00,47521.00,5.80,-1254.00,0.20,59289.00,11.00,-13023.00,-5.00
TOTAL F&B CONTRACT LABOR,46267.00,6.00,47521.00,5.80,-1254.00,0.20,59289.00,11.00,-13023.00,-5.00
"TOTAL F&B SALARIES, WAGES, SC, CONTRACT & BONUS",367822.00,47.80,404050.00,49.70,-36228.00,-1.80,265228.00,49.10,102594.00,-1.20
PAYROLL TAXES,27587.00,3.60,30304.00,3.70,-2717.00,-0.10,15803.00,2.90,11784.00,0.70
TOTAL F&B TAXES,27587.00,3.60,30304.00,3.70,-2717.00,-0.10,15803.00,2.90,11784.00,0.70
SUPPLEMENTAL PAY,1108.00,0.10,1320.00,0.20,-212.00,0.00,1328.00,0.20,-219.00,-0.10
PTO PAY,7862.00,1.00,8939.00,1.10,-1077.00,-0.10,9241.00,1.70,-1379.00,-0.70
TOTAL F&B SUPPLEMENTAL PAY,8971.00,1.20,10260.00,1.30,-1289.00,-0.10,10569.00,2.00,-1598.00,-0.80
WORKERS COMP,4895.00,0.60,5402.00,0.70,-507.00,0.00,6099.00,1.10,-1204.00,-0.50
HEALTH INSURANCE,26138.00,3.40,28030.00,3.40,-1892.00,0.00,25877.00,4.80,261.00,-1.40
401K,751.00,0.10,774.00,0.10,-23.00,0.00,532.00,0.10,218.00,0.00
EMPLOYEE BENEFITS,112.00,0.00,112.00,0.00,0.00,0.00,93.00,0.00,19.00,0.00
EMPLOYEE MEALS,5283.00,0.70,6002.00,0.70,-719.00,-0.10,1705.00,0.30,3578.00,0.40
TOTAL F&B BENEFITS,37178.00,4.80,40320.00,5.00,-3142.00,-0.10,34306.00,6.30,2872.00,-1.50
TOTAL F&B PAYROLL RELATED,73735.00,9.60,80883.00,9.90,-7148.00,-0.40,60677.00,11.20,13058.00,-1.60
TOTAL F&B LABOR & RELATED,441557.00,57.40,484932.00,59.60,-43376.00,-2.20,325905.00,60.30,115652.00,-2.90
COMP SERVICES & GIFTS,2000.00,0.30,2000.00,0.20,0.00,0.00,1842.00,0.30,158.00,-0.10
CLEANING SUPPLIES,1105.00,0.10,1172.00,0.10,-67.00,0.00,4463.00,0.80,-3358.00,-0.70
CONTRACT SERVICES,10250.00,1.30,10250.00,1.30,0.00,0.10,8862.00,1.60,1388.00,-0.30
DECORATIONS,1200.00,0.20,1200.00,0.10,0.00,0.00,300.00,0.10,900.00,0.10
DISHWASHING SUPPLIES,2210.00,0.30,2343.00,0.30,-134.00,0.00,0.00,0.00,2210.00,0.30
DUES & SUBSCRIPTIONS,1176.00,0.20,1176.00,0.10,0.00,0.00,1176.00,0.20,0.00,-0.10
EMP TRAIN & DEVELOP,350.00,0.00,350.00,0.00,0.00,0.00,0.00,0.00,350.00,0.00
EQUIPMENT RENTAL,2949.00,0.40,2949.00,0.40,0.00,0.00,2949.00,0.50,0.00,-0.20
KITCHEN FUEL,919.00,0.10,975.00,0.10,-56.00,0.00,196.00,0.00,723.00,0.10
LAUNDRY & DRY CLEANING,4411.00,0.60,4102.00,0.50,309.00,0.10,0.00,0.00,4411.00,0.60
LICENSES & PERMITS,484.00,0.10,484.00,0.10,0.00,0.00,484.00,0.10,0.00,0.00
MISCELLANEOUS,750.00,0.10,750.00,0.10,0.00,0.00,1291.00,0.20,-541.00,-0.10
MUSIC & ENTERTAINMENT,7000.00,0.90,7000.00,0.90,0.00,0.00,12082.00,2.20,-5082.00,-1.30
OPERATING SUPPLIES,1839.00,0.20,1951.00,0.20,-111.00,0.00,415.00,0.10,1424.00,0.20
PAPER SUPPLIES,7733.00,1.00,8201.00,1.00,-468.00,0.00,6811.00,1.30,922.00,-0.30
PRINTING & STATIONERY,1500.00,0.20,1500.00,0.20,0.00,0.00,268.00,0.00,1232.00,0.10
T&E - MEALS,0.00,0.00,0.00,0.00,0.00,0.00,1278.00,0.20,-1278.00,-0.20
T&E - OTHER,0.00,0.00,0.00,0.00,0.00,0.00,1314.00,0.20,-1314.00,-0.20
UNIFORM CLEANING,300.00,0.00,300.00,0.00,0.00,0.00,1613.00,0.30,-1313.00,-0.30
UNIFORM REPLACEMENT,1200.00,0.20,1200.00,0.10,0.00,0.00,1173.00,0.20,27.00,-0.10
DEPARTMENTAL ALLOCATION,0.00,0.00,0.00,0.00,0.00,0.00,3348.00,0.60,-3348.00,-0.60
TOTAL F&B OTHER EXPENSES,47375.00,6.20,47901.00,5.90,-526.00,0.30,49864.00,9.20,-2489.00,-3.10
TOTAL F&B EXPENSE,657451.00,85.50,713650.00,87.70,-56198.00,-2.20,509035.00,94.20,148416.00,-8.70
TOTAL F&B PROFIT,111676.00,14.50,99980.00,12.30,11696.00,2.20,31626.00,5.80,80049.00,8.70
COST OF SALES-FOOD,0.00,0.00,0.00,0.00,0.00,0.00,75804.00,14.00,-75804.00,-14.00
EMPLOYEE MEALS CREDIT,-10539.00,-1.40,-11256.00,-1.40,717.00,0.00,-3427.00,-0.60,-7112.00,-0.70
COST OF SALES-LIQUOR,0.00,0.00,0.00,0.00,0.00,0.00,8764.00,1.60,-8764.00,-1.60
COST OF SALES-BEER,0.00,0.00,0.00,0.00,0.00,0.00,772.00,0.10,-772.00,-0.10
COST OF SALES-WINE,0.00,0.00,0.00,0.00,0.00,0.00,3701.00,0.70,-3701.00,-0.70
COST OF SALES-OTHER,0.00,0.00,0.00,0.00,0.00,0.00,579.00,0.10,-579.00,-0.10
COST OF SALES-OTHER - RETAIL,0.00,0.00,0.00,0.00,0.00,0.00,256.00,0.00,-256.00,0.00
TOTAL FOOD & BEVERAGE ADMIN COST OF SALES,-10539.00,-1.40,-11256.00,-1.40,717.00,0.00,86448.00,16.00,-96987.00,-17.40
EXECUTIVE CHEF,8404.00,1.10,8404.00,1.00,0.00,0.10,0.00,0.00,8404.00,1.10
EXECUTIVE SOUS CHEF,7308.00,1.00,7308.00,0.90,0.00,0.10,0.00,0.00,7308.00,1.00
TOTAL FOOD & BEVERAGE ADMIN KITCHEN MANAGEMENT,15712.00,2.00,15712.00,1.90,0.00,0.10,0.00,0.00,15712.00,2.00
F&B DIRECTOR,9865.00,1.30,9865.00,1.20,0.00,0.10,8656.00,1.60,1209.00,-0.30
DIRECTOR OF RESTAURANTS,6212.00,0.80,6212.00,0.80,0.00,0.00,5576.00,1.00,636.00,-0.20
ADMINISTRATIVE SUPPORT,3040.00,0.40,3040.00,0.40,0.00,0.00,2610.00,0.50,430.00,-0.10
TOTAL FOOD & BEVERAGE ADMIN SERVICE MANAGEMENT,19117.00,2.50,19117.00,2.30,0.00,0.10,16843.00,3.10,2274.00,-0.60
TOTAL FOOD & BEVERAGE ADMIN MANAGEMENT,34829.00,4.50,34829.00,4.30,0.00,0.20,16843.00,3.10,17987.00,1.40
CHIEF STEWARD,4417.00,0.60,4417.00,0.50,0.00,0.00,0.00,0.00,4417.00,0.60
KITCHEN-COOK,16075.00,2.10,17600.00,2.20,-1525.00,-0.10,18906.00,3.50,-2832.00,-1.40
KITCHEN-STEWARD,4179.00,0.50,4175.00,0.50,4.00,0.00,2827.00,0.50,1353.00,0.00
KITCHEN SUPERVISOR,2736.00,0.40,2736.00,0.30,0.00,0.00,4915.00,0.90,-2179.00,-0.60
SUPERVISOR,0.00,0.00,0.00,0.00,0.00,0.00,3086.00,0.60,-3086.00,-0.60
TOTAL FOOD & BEVERAGE ADMIN KITCHEN NON-MANAGEMENT,27407.00,3.60,28928.00,3.60,-1521.00,0.00,29734.00,5.50,-2326.00,-1.90
SOUS CHEF,4077.00,0.50,4077.00,0.50,0.00,0.00,4077.00,0.80,0.00,-0.20
TOTAL FOOD & BEVERAGE ADMIN VENUES NON-MANAGEMENT,4077.00,0.50,4077.00,0.50,0.00,0.00,4077.00,0.80,0.00,-0.20
TOTAL FOOD & BEVERAGE ADMIN NON-MANAGEMENT,31484.00,4.10,33005.00,4.10,-1521.00,0.00,33810.00,6.30,-2326.00,-2.20
SUBTOTAL: FOOD & BEVERAGE ADMIN SALARIES & WAGES,66313.00,8.60,67834.00,8.30,-1521.00,0.30,50653.00,9.40,15660.00,-0.70
SERVICE CHARGES DISTRIBUTED,1875.00,0.20,1875.00,0.20,0.00,0.00,1875.00,0.30,0.00,-0.10
TOTAL FOOD & BEVERAGE ADMIN SERVICE CHARGES,1875.00,0.20,1875.00,0.20,0.00,0.00,1875.00,0.30,0.00,-0.10
BONUS/INCENTIVES - FOOD AND BEVERAGE ADMIN,1688.00,0.20,1688.00,0.20,0.00,0.00,1481.00,0.30,207.00,-0.10
TOTAL FOOD & BEVERAGE ADMIN BONUS,1688.00,0.20,1688.00,0.20,0.00,0.00,1481.00,0.30,207.00,-0.10
CONTRACTED/LEASED & OUTSOURCED LABOR,27458.00,3.60,29047.00,3.60,-1589.00,0.00,59289.00,11.00,-31831.00,-7.40
TOTAL FOOD & BEVERAGE CONTRACT LABOR,27458.00,3.60,29047.00,3.60,-1589.00,0.00,59289.00,11.00,-31831.00,-7.40
"TOTAL FOOD & BEVERAGE ADMIN SALARIES, WAGES, SC, CONTRACT & BONUS",97334.00,12.70,100444.00,12.30,-3110.00,0.30,113298.00,21.00,-15964.00,-8.30
PAYROLL TAXES,7300.00,0.90,7533.00,0.90,-233.00,0.00,3476.00,0.60,3824.00,0.30
TOTAL FOOD & BEVERAGE ADMIN PAYROLL TAXES,7300.00,0.90,7533.00,0.90,-233.00,0.00,3476.00,0.60,3824.00,0.30
SUPPLEMENTAL PAY,623.00,0.10,643.00,0.10,-20.00,0.00,856.00,0.20,-233.00,-0.10
PTO PAY,1917.00,0.20,1979.00,0.20,-61.00,0.00,4364.00,0.80,-2447.00,-0.60
TOTAL FOOD & BEVERAGE ADMIN SUPPLEMENTAL PAY,2540.00,0.30,2622.00,0.30,-81.00,0.00,5220.00,1.00,-2680.00,-0.60
WORKERS COMP,740.00,0.10,763.00,0.10,-24.00,0.00,1101.00,0.20,-362.00,-0.10
HEALTH INSURANCE,4692.00,0.60,4841.00,0.60,-150.00,0.00,5776.00,1.10,-1084.00,-0.50
401K,428.00,0.10,442.00,0.10,-14.00,0.00,273.00,0.10,155.00,0.00
EMPLOYEE MEALS,922.00,0.10,965.00,0.10,-43.00,0.00,483.00,0.10,439.00,0.00
EMPLOYEE BENEFITS,36.00,0.00,36.00,0.00,0.00,0.00,25.00,0.00,11.00,0.00
TOTAL FOOD & BEVERAGE ADMIN BENEFITS,6817.00,0.90,7048.00,0.90,-231.00,0.00,7658.00,1.40,-841.00,-0.50
TOTAL FOOD & BEVERAGE ADMIN TAXES & BENEFITS,16658.00,2.20,17203.00,2.10,-545.00,0.10,16354.00,3.00,303.00,-0.90
"TOTAL FOOD & BEVERAGE ADMIN PAYROLL, TAXES & BENEFITS",113992.00,14.80,117647.00,14.50,-3655.00,0.40,129653.00,24.00,-15661.00,-9.20
CLEANING SUPPLIES,1105.00,0.10,1172.00,0.10,-67.00,0.00,4463.00,0.80,-3358.00,-0.70
COMP FOOD & BEVERAGE,2000.00,0.30,2000.00,0.20,0.00,0.00,1842.00,0.30,158.00,-0.10
CONTRACT SERVICES,10250.00,1.30,10250.00,1.30,0.00,0.10,8862.00,1.60,1388.00,-0.30
DECORATIONS,1200.00,0.20,1200.00,0.10,0.00,0.00,300.00,0.10,900.00,0.10
DISHWASHING SUPPLIES,2210.00,0.30,2343.00,0.30,-134.00,0.00,0.00,0.00,2210.00,0.30
DUES & SUBSCRIPTIONS,748.00,0.10,748.00,0.10,0.00,0.00,748.00,0.10,0.00,0.00
EMP TRAIN & DEVELOP,350.00,0.00,350.00,0.00,0.00,0.00,0.00,0.00,350.00,0.00
EQUIPMENT RENTAL,2949.00,0.40,2949.00,0.40,0.00,0.00,2949.00,0.50,0.00,-0.20
KITCHEN FUEL,919.00,0.10,975.00,0.10,-56.00,0.00,196.00,0.00,723.00,0.10
LAUNDRY & DRY CLEANING,4411.00,0.60,4102.00,0.50,309.00,0.10,0.00,0.00,4411.00,0.60
LAUNDRY ALLOCATION,0.00,0.00,0.00,0.00,0.00,0.00,3348.00,0.60,-3348.00,-0.60
LICENSES & PERMITS,484.00,0.10,484.00,0.10,0.00,0.00,484.00,0.10,0.00,0.00
MISCELLANEOUS,750.00,0.10,750.00,0.10,0.00,0.00,1291.00,0.20,-541.00,-0.10
MUSIC & ENTERTAINMENT,3500.00,0.50,3500.00,0.40,0.00,0.00,5982.00,1.10,-2482.00,-0.70
OPERATING SUPPLIES,1839.00,0.20,1951.00,0.20,-111.00,0.00,415.00,0.10,1424.00,0.20
PAPER/PLASTICS SUPPLIES,7733.00,1.00,8201.00,1.00,-468.00,0.00,6811.00,1.30,922.00,-0.30
PRINTING & STATIONERY,1500.00,0.20,1500.00,0.20,0.00,0.00,268.00,0.00,1232.00,0.10
T&E - MEALS,0.00,0.00,0.00,0.00,0.00,0.00,1278.00,0.20,-1278.00,-0.20
T&E - OTHER,0.00,0.00,0.00,0.00,0.00,0.00,1314.00,0.20,-1314.00,-0.20
UNIFORM CLEANING,300.00,0.00,300.00,0.00,0.00,0.00,1613.00,0.30,-1313.00,-0.30
UNIFORM REPLACEMENT,1200.00,0.20,1200.00,0.10,0.00,0.00,1173.00,0.20,27.00,-0.10
TOTAL FOOD & BEVERAGE ADMIN OTHER EXPENSES,43448.00,5.60,43973.00,5.40,-526.00,0.20,43337.00,8.00,111.00,-2.40
TOTAL FOOD & BEVERAGE ADMIN EXPENSE,146901.00,19.10,150364.00,18.50,-3463.00,0.60,259438.00,48.00,-112537.00,-28.90
TOTAL FOOD & BEVERAGE ADMIN PROFIT,-146901.00,-19.10,-150364.00,-18.50,3463.00,-0.60,-259438.00,-48.00,112537.00,28.90
BREAKFAST,13702.00,22.10,21995.00,19.70,-8293.00,2.40,18402.00,17.20,-4701.00,4.90
LUNCH,12911.00,20.80,23724.00,21.30,-10813.00,-0.40,20179.00,18.90,-7269.00,1.90
DINNER,16556.00,26.70,34281.00,30.80,-17725.00,-4.00,20753.00,19.50,-4196.00,7.30
TOTAL License to Chill  FOOD,43168.00,69.70,80000.00,71.80,-36832.00,-2.10,59334.00,55.60,-16166.00,14.10
LIQUOR,12731.00,20.60,22638.00,20.30,-9907.00,0.20,31921.00,29.90,-19190.00,-9.40
BEER,3805.00,6.10,5974.00,5.40,-2169.00,0.80,11081.00,10.40,-7276.00,-4.20
WINE,2232.00,3.60,2830.00,2.50,-598.00,1.10,4550.00,4.30,-2319.00,-0.70
TOTAL License to Chill  BEVERAGE,18768.00,30.30,31441.00,28.20,-12674.00,2.10,47553.00,44.60,-28785.00,-14.30
SERVICE CHARGES,0.00,0.00,0.00,0.00,0.00,0.00,0.00,0.00,0.00,0.00
ALLOWANCES,0.00,0.00,0.00,0.00,0.00,0.00,-222.00,-0.20,222.00,0.20
OTHER,0.00,0.00,0.00,0.00,0.00,0.00,27.00,0.00,-27.00,0.00
TOTAL License to Chill OTHER,0.00,0.00,0.00,0.00,0.00,0.00,-195.00,-0.20,195.00,0.20
TOTAL License to Chill  REVENUE,61936.00,100.00,111441.00,100.00,-49505.00,0.00,106693.00,100.00,-44757.00,0.00
FOOD,13382.00,31.00,24800.00,31.00,-11418.00,0.00,0.00,0.00,13382.00,31.00
LIQUOR,2037.00,16.00,3622.00,16.00,-1585.00,0.00,0.00,0.00,2037.00,16.00
BEER,723.00,19.00,1135.00,19.00,-412.00,0.00,0.00,0.00,723.00,19.00
WINE,558.00,25.00,707.00,25.00,-149.00,0.00,0.00,0.00,558.00,25.00
TOTAL VENUE 1 COST OF SALES,16700.00,27.00,30265.00,27.20,-13564.00,-0.20,0.00,0.00,16700.00,27.00
TOTAL VENUE 1 GROSS PROFIT,45236.00,73.00,81177.00,72.80,-35941.00,0.20,106693.00,100.00,-61457.00,-27.00
MANAGER,4396.00,7.10,4396.00,3.90,0.00,3.20,4231.00,4.00,165.00,3.10
ASSISTANT MANAGER,3288.00,5.30,3288.00,3.00,0.00,2.40,4860.00,4.60,-1572.00,0.80
TOTAL VENUE 1 SERVICE MANAGEMENT,7684.00,12.40,7684.00,6.90,0.00,5.50,9091.00,8.50,-1407.00,3.90
TOTAL VENUE 1 MANAGEMENT,7684.00,12.40,7684.00,6.90,0.00,5.50,9091.00,8.50,-1407.00,3.90
SOUS CHEF,4019.00,6.50,4019.00,3.60,0.00,2.90,0.00,0.00,4019.00,6.50
COOKS,5353.00,8.60,9920.00,8.90,-4567.00,-0.30,6494.00,6.10,-1141.00,2.60
STEWARDS,31223.00,50.40,57862.00,51.90,-26639.00,-1.50,2062.00,1.90,29160.00,48.50
KITCHEN SUPERVISOR,2736.00,4.40,2736.00,2.50,0.00,2.00,8149.00,7.60,-5413.00,-3.20
TOTAL VENUE 1 KITCHEN NON-MANAGEMENT,43330.00,70.00,74537.00,66.90,-31206.00,3.10,16705.00,15.70,26626.00,54.30
SERVERS,3967.00,6.40,3963.00,3.60,4.00,2.80,2970.00,2.80,997.00,3.60
BUSSERS,1346.00,2.20,1707.00,1.50,-361.00,0.60,85.00,0.10,1261.00,2.10
BARTENDERS,2935.00,4.70,3213.00,2.90,-279.00,1.90,4384.00,4.10,-1449.00,0.60
BARBACKS,1817.00,2.90,1989.00,1.80,-172.00,1.10,1241.00,1.20,576.00,1.80
HOSTS,2489.00,4.00,2725.00,2.40,-236.00,1.60,1941.00,1.80,548.00,2.20
SUPERVISOR,2508.00,4.00,2508.00,2.30,0.00,1.80,2085.00,2.00,423.00,2.10
TOTAL VENUE 1 VENUE NON-MANAGEMENT,15062.00,24.30,16106.00,14.50,-1044.00,9.90,12706.00,11.90,2357.00,12.40
TOTAL VENUE 1 NON-MANAGEMENT,58393.00,94.30,90643.00,81.30,-32250.00,12.90,29410.00,27.60,28982.00,66.70
SUBTOTAL: VENUE 1 SALARIES & WAGES,66076.00,106.70,98326.00,88.20,-32250.00,18.50,38501.00,36.10,27575.00,70.60
CONTRACTED/LEASED & OUTSOURCED LABOR,0.00,0.00,0.00,0.00,0.00,0.00,0.00,0.00,0.00,0.00
TOTAL VENUE 1 CONTRACT LABOR,0.00,0.00,0.00,0.00,0.00,0.00,0.00,0.00,0.00,0.00
"TOTAL VENUE 1 SALARIES, WAGES, SC, CONTRACT & BONUS",66076.00,106.70,98326.00,88.20,-32250.00,18.50,38501.00,36.10,27575.00,70.60
PAYROLL TAXES,4956.00,8.00,7374.00,6.60,-2419.00,1.40,3548.00,3.30,1408.00,4.70
TOTAL VENUE 1 TAXES,4956.00,8.00,7374.00,6.60,-2419.00,1.40,3548.00,3.30,1408.00,4.70
SUPPLEMENTAL PAY,370.00,0.00,551.00,0.00,-181.00,0.00,88.00,0.00,282.00,0.00
PTO PAY,2068.00,3.30,3078.00,2.80,-1009.00,0.60,1601.00,1.50,467.00,1.80
TOTAL VENUE 1 SUPPLEMENTAL PAY,2438.00,3.90,3628.00,3.30,-1190.00,0.70,1689.00,1.60,749.00,2.40
WORKERS COMP,879.00,1.40,1308.00,1.20,-429.00,0.20,1084.00,1.00,-205.00,0.40
HEALTH INSURANCE,4467.00,7.20,6647.00,6.00,-2180.00,1.20,6627.00,6.20,-2161.00,1.00
401K,20.00,0.00,29.00,0.00,-10.00,0.00,52.00,0.00,-32.00,0.00
EMPLOYEE MEALS,1289.00,2.10,1891.00,1.70,-602.00,0.40,323.00,0.30,966.00,1.80
EMPLOYEE BENEFITS,30.00,0.00,30.00,0.00,0.00,0.00,24.00,0.00,7.00,0.00
TOTAL VENUE 1 BENEFITS,6685.00,10.80,9905.00,8.90,-3221.00,1.90,8109.00,7.60,-1424.00,3.20
TOTAL VENUE 1 PAYROLL RELATED,14079.00,22.70,20908.00,18.80,-6829.00,4.00,13346.00,12.50,733.00,10.20
TOTAL VENUE 1 LABOR & RELATED,80155.00,129.40,119234.00,107.00,-39079.00,22.40,51847.00,48.60,28308.00,80.80
DUES & SUBSCRIPTIONS,0.00,0.00,0.00,0.00,0.00,0.00,0.00,0.00,0.00,0.00
TOTAL License to Chill  EXPENSE,96855.00,156.40,149499.00,134.20,-52644.00,22.20,51847.00,48.60,45008.00,107.80
TOTAL License to Chill  PROFIT,-34919.00,-56.40,-38057.00,-34.20,3138.00,-22.20,54846.00,51.40,-89765.00,-107.80
BREAKFAST,0.00,0.00,0.00,0.00,0.00,0.00,-8.00,0.00,8.00,0.00
LUNCH,29349.00,26.50,28154.00,24.30,1196.00,2.20,19404.00,19.80,9946.00,6.70
DINNER,41280.00,37.30,45934.00,39.70,-4655.00,-2.40,34746.00,35.50,6534.00,1.80
TOTAL Landshark FOOD,70629.00,63.80,74088.00,64.00,-3459.00,-0.20,54142.00,55.30,16488.00,8.50
LIQUOR,27448.00,24.80,28732.00,24.80,-1284.00,0.00,29447.00,30.10,-1999.00,-5.30
BEER,9289.00,8.40,9840.00,8.50,-551.00,-0.10,12476.00,12.70,-3187.00,-4.30
WINE,1118.00,1.00,787.00,0.70,331.00,0.30,1413.00,1.40,-295.00,-0.40
TOTAL Landshark BEVERAGE,37856.00,34.20,39359.00,34.00,-1504.00,0.20,43336.00,44.20,-5480.00,-10.00
ALLOWANCES,0.00,0.00,0.00,0.00,0.00,0.00,0.00,0.00,0.00,0.00
OTHER,2213.00,2.00,2314.00,2.00,-101.00,0.00,488.00,0.50,1725.00,1.50
TOTAL Landshark OTHER,2213.00,2.00,2314.00,2.00,-101.00,0.00,488.00,0.50,1725.00,1.50
TOTAL Landshark REVENUE,110698.00,100.00,115762.00,100.00,-5064.00,0.00,97965.00,100.00,12733.00,0.00
FOOD,20129.00,28.50,21115.00,28.50,-986.00,0.00,18102.00,33.40,2027.00,-4.90
LIQUOR,4117.00,15.00,4310.00,15.00,-193.00,0.00,6016.00,20.40,-1899.00,-5.40
BEER,1672.00,18.00,1771.00,18.00,-99.00,0.00,3100.00,24.80,-1428.00,-6.80
WINE,240.00,21.50,169.00,21.50,71.00,0.00,161.00,11.40,80.00,10.10
OTHER,1107.00,1.00,1157.00,1.00,-51.00,0.00,-1477.00,-1.50,2584.00,2.50
TOTAL VENUE 2 COST OF SALES,27266.00,24.60,28523.00,24.60,-1257.00,0.00,25901.00,26.40,1365.00,-1.80
TOTAL VENUE 2 GROSS PROFIT,83432.00,75.40,87239.00,75.40,-3807.00,0.00,72064.00,73.60,11368.00,1.80
MANAGER,4964.00,4.50,4964.00,4.30,0.00,0.20,5705.00,5.80,-741.00,-1.30
ASSISTANT MANAGER,6610.00,6.00,6610.00,5.70,0.00,0.30,2452.00,2.50,4158.00,3.50
TOTAL VENUE 2 SERVICE MANAGEMENT,11574.00,10.50,11574.00,10.00,0.00,0.50,8157.00,8.30,3418.00,2.10
TOTAL VENUE 2 MANAGEMENT,11574.00,10.50,11574.00,10.00,0.00,0.50,8157.00,8.30,3418.00,2.10
SOUS CHEF,3572.00,3.20,3572.00,3.10,0.00,0.10,2057.00,2.10,1515.00,1.10
COOKS,10948.00,9.90,11484.00,9.90,-536.00,0.00,6604.00,6.70,4343.00,3.10
STEWARDS,4801.00,4.30,5037.00,4.40,-235.00,0.00,0.00,0.00,4801.00,4.30
KITCHEN SUPERVISOR,4760.00,4.30,4760.00,4.10,0.00,0.20,1859.00,1.90,2901.00,2.40
TOTAL VENUE 2 KITCHEN NON-MANAGEMENT,24081.00,21.80,24852.00,21.50,-771.00,0.30,10520.00,10.70,13561.00,11.00
SERVERS,3321.00,3.00,3473.00,3.00,-152.00,0.00,2662.00,2.70,659.00,0.30
BUSSERS,2823.00,2.50,2952.00,2.60,-129.00,0.00,3078.00,3.10,-255.00,-0.60
RUNNERS,2823.00,2.50,2952.00,2.60,-129.00,0.00,0.00,0.00,2823.00,2.50
BARTENDERS,4018.00,3.60,4202.00,3.60,-184.00,0.00,3143.00,3.20,875.00,0.40
BARBACKS,2823.00,2.50,2952.00,2.60,-129.00,0.00,0.00,0.00,2823.00,2.50
HOSTS,5845.00,5.30,6112.00,5.30,-267.00,0.00,2547.00,2.60,3298.00,2.70
SUPERVISOR,4932.00,4.50,5157.00,4.50,-226.00,0.00,1898.00,1.90,3034.00,2.50
TOTAL VENUE 2 VENUE NON-MANAGEMENT,26584.00,24.00,27800.00,24.00,-1216.00,0.00,13328.00,13.60,13256.00,10.40
TOTAL VENUE 2 NON-MANAGEMENT,50665.00,0.00,52652.00,0.00,-1987.00,0.00,23848.00,0.00,26817.00,0.00
SUBTOTAL: VENUE 2 VENUE SALARIES & WAGES,62239.00,56.20,64227.00,55.50,-1987.00,0.70,32005.00,32.70,30235.00,23.60
CONTRACTED/LEASED & OUTSOURCED LABOR,4026.00,3.60,4223.00,3.60,-197.00,0.00,0.00,0.00,4026.00,3.60
TOTAL VENUE 2 CONTRACT LABOR,4026.00,3.60,4223.00,3.60,-197.00,0.00,0.00,0.00,4026.00,3.60
"TOTAL VENUE 2 SALARIES, WAGES, SC, CONTRACT & BONUS",66265.00,59.90,68450.00,59.10,-2185.00,0.70,32005.00,32.70,34260.00,27.20
PAYROLL TAXES,4970.00,4.50,5134.00,4.40,-164.00,0.10,3487.00,3.60,1483.00,0.90
TOTAL VENUE 2 TAXES,4970.00,4.50,5134.00,4.40,-164.00,0.10,3487.00,3.60,1483.00,0.90
SUPPLEMENTAL PAY,0.00,0.00,0.00,0.00,0.00,0.00,0.00,0.00,0.00,0.00
PTO PAY,1272.00,1.10,1314.00,1.10,-42.00,0.00,1183.00,1.20,89.00,-0.10
TOTAL VENUE 2 SUPPLEMENTAL PAY,1272.00,1.10,1314.00,1.10,-42.00,0.00,1183.00,1.20,89.00,-0.10
WORKERS COMP,1425.00,1.30,1472.00,1.30,-47.00,0.00,1675.00,1.70,-250.00,-0.40
HEALTH INSURANCE,4924.00,4.40,5086.00,4.40,-162.00,0.10,5663.00,5.80,-739.00,-1.30
401K,199.00,0.20,205.00,0.20,-7.00,0.00,200.00,0.20,-1.00,0.00
EMPLOYEE MEALS,1338.00,1.20,1390.00,1.20,-52.00,0.00,295.00,0.30,1042.00,0.90
EMPLOYEE BENEFITS,30.00,0.00,30.00,0.00,0.00,0.00,28.00,0.00,2.00,0.00
TOTAL VENUE 2 BENEFITS,7915.00,7.10,8183.00,7.10,-268.00,0.10,7860.00,8.00,54.00,-0.90
TOTAL VENUE 2 PAYROLL RELATED,14157.00,12.80,14631.00,12.60,-474.00,0.20,12531.00,12.80,1626.00,0.00
TOTAL VENUE 2 LABOR & RELATED,80422.00,72.70,83081.00,71.80,-2658.00,0.90,44536.00,45.50,35887.00,27.20
DUES & SUBSCRIPTIONS,0.00,0.00,0.00,0.00,0.00,0.00,0.00,0.00,0.00,0.00
MUSIC/ENTERTAINMENT,3500.00,3.20,3500.00,3.00,0.00,0.10,6100.00,6.20,-2600.00,-3.10
TOTAL Landshark OTHER EXPENSES,3500.00,3.20,3500.00,3.00,0.00,0.10,6100.00,6.20,-2600.00,-3.10
TOTALLandshark EXPENSE,111188.00,100.40,115103.00,99.40,-3915.00,1.00,76537.00,78.10,34651.00,22.30
TOTAL Landshark PROFIT,-490.00,-0.40,659.00,0.60,-1149.00,-1.00,21428.00,21.90,-21918.00,-22.30
BREAKFAST,15554.00,37.30,19721.00,37.30,-4167.00,0.00,14281.00,40.50,1274.00,-3.20
LUNCH,13443.00,32.20,17045.00,32.20,-3602.00,0.00,12677.00,36.00,766.00,-3.70
DINNER,7974.00,19.10,10111.00,19.10,-2137.00,0.00,3891.00,11.00,4083.00,8.10
TOTALJoe Merchant  FOOD,36972.00,88.60,46877.00,88.60,-9906.00,0.00,30849.00,87.50,6123.00,1.10
BEER,1392.00,3.30,1765.00,3.30,-373.00,0.00,1277.00,3.60,115.00,-0.30
WINE,945.00,2.30,1198.00,2.30,-253.00,0.00,1169.00,3.30,-224.00,-1.10
TOTAL Joe Merchant  BEVERAGE,2337.00,5.60,2963.00,5.60,-626.00,0.00,2446.00,6.90,-109.00,-1.30
ALLOWANCES,0.00,0.00,0.00,0.00,0.00,0.00,0.00,0.00,0.00,0.00
OTHER,2422.00,5.80,3070.00,5.80,-649.00,0.00,1936.00,5.50,486.00,0.30
DISCOUNTS,0.00,0.00,0.00,0.00,0.00,0.00,28.00,0.10,-28.00,-0.10
TOTAL Joe Merchant OTHER,2422.00,5.80,3070.00,5.80,-649.00,0.00,1963.00,5.60,458.00,0.20
TOTAL Joe Merchant REVENUE,41730.00,100.00,52911.00,100.00,-11181.00,0.00,35258.00,100.00,6472.00,0.00
FOOD,11092.00,30.00,14063.00,30.00,-2972.00,0.00,0.00,0.00,11092.00,30.00
BEER,348.00,25.00,441.00,25.00,-93.00,0.00,0.00,0.00,348.00,25.00
OTHER,1090.00,2.60,1382.00,2.60,-292.00,0.00,0.00,0.00,1090.00,2.60
TOTAL VENUE 3 COST OF SALES,12529.00,30.00,15886.00,30.00,-3357.00,0.00,0.00,0.00,12529.00,30.00
TOTAL VENUE 3 GROSS PROFIT,29201.00,70.00,37025.00,70.00,-7824.00,0.00,35258.00,100.00,-6057.00,-30.00
MANAGER,0.00,0.00,0.00,0.00,0.00,0.00,0.00,0.00,0.00,0.00
TOTAL VENUE 3 SERVICE MANAGEMENT,0.00,0.00,0.00,0.00,0.00,0.00,0.00,0.00,0.00,0.00
TOTAL VENUE 3 MANAGEMENT,0.00,0.00,0.00,0.00,0.00,0.00,0.00,0.00,0.00,0.00
COOKS,8596.00,20.60,10899.00,20.60,-2303.00,0.00,4592.00,13.00,4004.00,7.60
STEWARDS,0.00,0.00,0.00,0.00,0.00,0.00,0.00,0.00,0.00,0.00
TOTAL VENUE 3 KITCHEN NON-MANAGEMENT,8596.00,20.60,10899.00,20.60,-2303.00,0.00,4592.00,13.00,4004.00,7.60
CASHIERS,7857.00,18.80,9961.00,18.80,-2105.00,0.00,7798.00,22.10,59.00,-3.30
SUPERVISOR,2432.00,5.80,2432.00,4.60,0.00,1.20,1136.00,3.20,1296.00,2.60
TOTAL VENUE 3 SERVICE NON-MANAGEMENT,10289.00,24.70,12393.00,23.40,-2105.00,1.20,8934.00,25.30,1355.00,-0.70
TOTAL VENUE 3 NON-MANAGEMENT,18884.00,45.30,23292.00,44.00,-4408.00,1.20,13526.00,38.40,5359.00,6.90
SUBTOTAL: VENUE 3 SALARIES & WAGES,18884.00,45.30,23292.00,44.00,-4408.00,1.20,13526.00,38.40,5359.00,6.90
CONTRACTED/LEASED & OUTSOURCED LABOR,1586.00,3.80,2011.00,3.80,-425.00,0.00,0.00,0.00,1586.00,3.80
TOTAL VENUE 3 CONTRACT LABOR,1586.00,3.80,2011.00,3.80,-425.00,0.00,0.00,0.00,1586.00,3.80
"TOTAL VENUE 3 SALARIES, WAGES, SC, CONTRACT & BONUS",20471.00,49.10,25304.00,47.80,-4833.00,1.20,13526.00,38.40,6945.00,10.70
PAYROLL TAXES,1535.00,3.70,1898.00,3.60,-362.00,0.10,548.00,1.60,988.00,2.10
TOTAL VENUE 3 TAXES,1535.00,3.70,1898.00,3.60,-362.00,0.10,548.00,1.60,988.00,2.10
SUPPLEMENTAL PAY,63.00,0.00,78.00,0.00,-15.00,0.00,0.00,0.00,63.00,0.00
PTO PAY,278.00,0.70,344.00,0.70,-66.00,0.00,573.00,1.60,-295.00,-1.00
TOTAL VENUE 3 SUPPLEMENTAL PAY,342.00,0.80,423.00,0.80,-81.00,0.00,573.00,1.60,-232.00,-0.80
WORKERS COMP,244.00,0.60,301.00,0.60,-58.00,0.00,426.00,1.20,-182.00,-0.60
HEALTH INSURANCE,500.00,1.20,500.00,0.90,0.00,0.30,862.00,2.40,-362.00,-1.20
EMPLOYEE MEALS,354.00,0.80,439.00,0.80,-85.00,0.00,145.00,0.40,209.00,0.40
EMPLOYEE BENEFITS,4.00,0.00,4.00,0.00,0.00,0.00,4.00,0.00,0.00,0.00
TOTAL VENUE 3 BENEFITS,1102.00,2.60,1244.00,2.40,-142.00,0.30,1437.00,4.10,-335.00,-1.40
TOTAL VENUE 3 PAYROLL RELATED,2979.00,7.10,3564.00,6.70,-585.00,0.40,2558.00,7.30,421.00,-0.10
TOTAL VENUE 3 LABOR & RELATED,23450.00,56.20,28868.00,54.60,-5418.00,1.60,16084.00,45.60,7366.00,10.60
TOTAL Joe Merchant  EXPENSE,35979.00,86.20,44754.00,84.60,-8775.00,1.60,16084.00,45.60,19895.00,40.60
TOTAL Joe Merchant  PROFIT,5751.00,13.80,8157.00,15.40,-2405.00,-1.60,19174.00,54.40,-13422.00,-40.60
MANAGER,3654.00,0.00,3654.00,0.00,0.00,0.00,0.00,0.00,3654.00,0.00
TOTAL VENUE 4 SERVICE MANAGEMENT,3654.00,0.00,3654.00,0.00,0.00,0.00,0.00,0.00,3654.00,0.00
TOTAL VENUE 4 MANAGEMENT,3654.00,0.00,3654.00,0.00,0.00,0.00,0.00,0.00,3654.00,0.00
SERVERS,0.00,0.00,0.00,0.00,0.00,0.00,1845.00,0.00,-1845.00,0.00
BUSSERS,0.00,0.00,0.00,0.00,0.00,0.00,930.00,0.00,-930.00,0.00
BARTENDERS,0.00,0.00,0.00,0.00,0.00,0.00,925.00,0.00,-925.00,0.00
BARBACKS,0.00,0.00,0.00,0.00,0.00,0.00,0.00,0.00,0.00,0.00
TOTAL VENUE 4 VENUE NON-MANAGEMENT,0.00,0.00,0.00,0.00,0.00,0.00,3700.00,0.00,-3700.00,0.00
TOTAL VENUE 4 NON-MANAGEMENT,0.00,0.00,0.00,0.00,0.00,0.00,3700.00,0.00,-3700.00,0.00
SUBTOTAL: VENUE 4 SALARIES & WAGES,3654.00,0.00,3654.00,0.00,0.00,0.00,3700.00,0.00,-46.00,0.00
"TOTAL VENUE 4 SALARIES, WAGES, SC, CONTRACT & BONUS",3654.00,0.00,3654.00,0.00,0.00,0.00,3700.00,0.00,-46.00,0.00
PAYROLL TAXES,274.00,0.00,274.00,0.00,0.00,0.00,99.00,0.00,175.00,0.00
TOTAL VENUE 4 TAXES,274.00,0.00,274.00,0.00,0.00,0.00,99.00,0.00,175.00,0.00
SUPPLEMENTAL PAY,0.00,0.00,0.00,0.00,0.00,0.00,0.00,0.00,0.00,0.00
PTO PAY,536.00,0.00,536.00,0.00,0.00,0.00,536.00,0.00,0.00,0.00
TOTAL VENUE 4 SUPPLEMENTAL PAY,536.00,0.00,536.00,0.00,0.00,0.00,536.00,0.00,0.00,0.00
WORKERS COMP,438.00,0.00,438.00,0.00,0.00,0.00,438.00,0.00,0.00,0.00
HEALTH INSURANCE,202.00,0.00,202.00,0.00,0.00,0.00,202.00,0.00,0.00,0.00
EMPLOYEE MEALS,90.00,0.00,90.00,0.00,0.00,0.00,90.00,0.00,0.00,0.00
EMPLOYEE BENEFITS,1.00,0.00,1.00,0.00,0.00,0.00,1.00,0.00,0.00,0.00
TOTAL VENUE 4 TAXES,730.00,0.00,730.00,0.00,0.00,0.00,730.00,0.00,0.00,0.00
TOTAL VENUE 4 PAYROLL RELATED,1540.00,0.00,1540.00,0.00,0.00,0.00,1365.00,0.00,175.00,0.00
TOTAL VENUE 4 LABOR & RELATED,5194.00,0.00,5194.00,0.00,0.00,0.00,5065.00,0.00,129.00,0.00
TOTAL Lone Palm EXPENSE,5194.00,0.00,5194.00,0.00,0.00,0.00,5065.00,0.00,129.00,0.00
TOTAL Lone Palm PROFIT,-5194.00,0.00,-5194.00,0.00,0.00,0.00,-5065.00,0.00,-129.00,0.00
BREAKFAST,400.00,6.60,507.00,6.60,-107.00,0.00,252.00,3.50,148.00,3.10
LUNCH,1062.00,17.60,1347.00,17.60,-285.00,0.00,1604.00,22.50,-542.00,-5.00
DINNER,0.00,0.00,0.00,0.00,0.00,0.00,-24.00,-0.30,24.00,0.30
TOTAL Playin a Round Café  FOOD,1463.00,24.20,1854.00,24.20,-392.00,0.00,1832.00,25.70,-370.00,-1.60
LIQUOR,1375.00,22.70,1744.00,22.70,-368.00,0.00,1351.00,19.00,25.00,3.80
BEER,2751.00,45.50,3487.00,45.50,-737.00,0.00,3725.00,52.30,-974.00,-6.90
WINE,458.00,7.60,581.00,7.60,-123.00,0.00,15.00,0.20,443.00,7.40
TOTAL Playin a Round Café  BEVERAGE,4584.00,75.80,5812.00,75.80,-1228.00,0.00,5090.00,71.50,-506.00,4.30
OTHER,0.00,0.00,0.00,0.00,0.00,0.00,193.00,2.70,-193.00,-2.70
TOTAL Playin a Round Cafe OTHER,0.00,0.00,0.00,0.00,0.00,0.00,193.00,2.70,-193.00,-2.70
TOTAL Playin a Round Café REVENUE,6047.00,100.00,7667.00,100.00,-1620.00,0.00,7115.00,100.00,-1069.00,0.00
FOOD,439.00,30.00,556.00,30.00,-118.00,0.00,0.00,0.00,439.00,30.00
LIQUOR,241.00,17.50,305.00,17.50,-64.00,0.00,0.00,0.00,241.00,17.50
BEER,523.00,19.00,663.00,19.00,-140.00,0.00,0.00,0.00,523.00,19.00
WINE,115.00,25.00,145.00,25.00,-31.00,0.00,0.00,0.00,115.00,25.00
TOTAL VENUE 6 COST OF SALES,1317.00,21.80,1669.00,21.80,-353.00,0.00,0.00,0.00,1317.00,21.80
TOTAL VENUE 6 GROSS PROFIT,4730.00,78.20,5997.00,78.20,-1267.00,0.00,7115.00,100.00,-2385.00,-21.80
COOKS,454.00,7.50,575.00,7.50,-122.00,0.00,1363.00,19.20,-910.00,-11.70
TOTAL VENUE 6 KITCHEN NON-MANAGEMEN,454.00,7.50,575.00,7.50,-122.00,0.00,1363.00,19.20,-910.00,-11.70
BARTENDERS,784.00,13.00,994.00,13.00,-210.00,0.00,1322.00,18.60,-539.00,-5.60
TOTAL VENUE 6 VENUE NON-MANAGEMENT,784.00,13.00,994.00,13.00,-210.00,0.00,1322.00,18.60,-539.00,-5.60
TOTAL VENUE 6 NON-MANAGEMENT,1237.00,20.50,1569.00,20.50,-332.00,0.00,2686.00,37.70,-1448.00,-17.30
SUBTOTAL: VENUE 6 SALARIES & WAGES,1237.00,20.50,1569.00,20.50,-332.00,0.00,2686.00,37.70,-1448.00,-17.30
"TOTAL VENUE 6   SALARIES, WAGES, SC, CONTRACT & BONUS",1237.00,20.50,1569.00,20.50,-332.00,0.00,2686.00,37.70,-1448.00,-17.30
PAYROLL TAXES,93.00,1.50,118.00,1.50,-25.00,0.00,168.00,2.40,-75.00,-0.80
TOTAL VENUE 6 TAXES,93.00,1.50,118.00,1.50,-25.00,0.00,168.00,2.40,-75.00,-0.80
WORKERS COMP,31.00,0.50,39.00,0.50,-8.00,0.00,206.00,2.90,-176.00,-2.40
HEALTH INSURANCE,125.00,2.10,125.00,1.60,0.00,0.40,28.00,0.40,97.00,1.70
401K,0.00,0.00,0.00,0.00,0.00,0.00,0.00,0.00,0.00,0.00
EMPLOYEE MEALS,29.00,0.50,37.00,0.50,-8.00,0.00,72.00,1.00,-43.00,-0.50
EMPLOYEE BENEFITS,0.00,0.00,0.00,0.00,0.00,0.00,0.00,0.00,0.00,0.00
TOTAL VENUE 6 BENEFITS,185.00,3.10,201.00,2.60,-16.00,0.40,306.00,4.30,-121.00,-1.20
TOTAL VENUE 6 PAYROLL RELATED,278.00,4.60,319.00,4.20,-41.00,0.40,474.00,6.70,-197.00,-2.10
TOTAL VENUE 6 LABOR & RELATED,1515.00,25.10,1888.00,24.60,-372.00,0.40,3160.00,44.40,-1645.00,-19.40
TOTAL Playin a Round Café  EXPENSE,2832.00,46.80,3557.00,46.40,-725.00,0.40,3160.00,44.40,-328.00,2.40
TOTAL Playin a Round Café  PROFIT,3215.00,53.20,4110.00,53.60,-895.00,-0.40,3955.00,55.60,-740.00,-2.40
LUNCH,0.00,0.00,0.00,0.00,0.00,0.00,147.00,0.20,-147.00,-0.20
DINNER,10135.00,18.90,12851.00,20.20,-2715.00,-1.30,23892.00,34.00,-13757.00,-15.10
TOTAL BoathouseFOOD,10135.00,18.90,12851.00,20.20,-2715.00,-1.30,24039.00,34.20,-13904.00,-15.30
LIQUOR,27440.00,51.30,34825.00,54.70,-7385.00,-3.50,30132.00,42.90,-2693.00,8.30
BEER,11608.00,21.70,11608.00,18.20,0.00,3.40,11079.00,15.80,529.00,5.90
WINE,2322.00,4.30,2322.00,3.60,0.00,0.70,3111.00,4.40,-789.00,-0.10
TOTAL Boathouse BEVERAGE,41370.00,77.30,48755.00,76.60,-7385.00,0.70,44322.00,63.10,-2953.00,14.10
ALLOWANCES,0.00,0.00,0.00,0.00,0.00,0.00,0.00,0.00,0.00,0.00
OTHER,2024.00,3.80,2024.00,3.20,0.00,0.60,1840.00,2.60,184.00,1.20
TOTAL Boathouse OTHER,2024.00,3.80,2024.00,3.20,0.00,0.60,1840.00,2.60,184.00,1.20
TOTAL Boathouse REVENUE,53529.00,100.00,63630.00,100.00,-10101.00,0.00,70201.00,100.00,-16672.00,0.00
FOOD,3243.00,32.00,4112.00,32.00,-869.00,0.00,0.00,0.00,3243.00,32.00
EMPLOYEE MEALS,184.00,1.80,184.00,1.40,0.00,0.40,0.00,0.00,184.00,1.80
LIQUOR,4116.00,15.00,5224.00,15.00,-1108.00,0.00,0.00,0.00,4116.00,15.00
BEER,2206.00,19.00,2206.00,19.00,0.00,0.00,0.00,0.00,2206.00,19.00
WINE,581.00,25.00,581.00,25.00,0.00,0.00,0.00,0.00,581.00,25.00
TOTAL Boathouse COST OF SALES,10329.00,19.30,12306.00,19.30,-1977.00,0.00,0.00,0.00,10329.00,19.30
TOTAL Boathouse GROSS PROFIT,43200.00,80.70,51324.00,80.70,-8124.00,0.00,70201.00,100.00,-27001.00,-19.30
MANAGER,3507.00,6.60,3507.00,5.50,0.00,1.00,3923.00,5.60,-416.00,1.00
TOTAL Boathouse MANAGEMENT,3507.00,6.60,3507.00,5.50,0.00,1.00,3923.00,5.60,-416.00,1.00
COOKS,1740.00,3.30,1740.00,2.70,0.00,0.50,0.00,0.00,1740.00,3.30
TOTAL Boathouse KITCHEN NON-MANAGEMENT,1740.00,3.30,1740.00,2.70,0.00,0.50,0.00,0.00,1740.00,3.30
SERVERS,734.00,1.40,734.00,1.20,0.00,0.20,0.00,0.00,734.00,1.40
BARTENDERS,1980.00,3.70,1980.00,3.10,0.00,0.60,1362.00,1.90,618.00,1.80
BARBACKS,1000.00,1.90,1000.00,1.60,0.00,0.30,843.00,1.20,156.00,0.70
SUPERVISOR,0.00,0.00,0.00,0.00,0.00,0.00,1765.00,2.50,-1765.00,-2.50
TOTAL Boathouse NON-MANAGEMENT,5454.00,10.20,5454.00,8.60,0.00,1.60,3970.00,5.70,1484.00,4.50
SUBTOTAL: Boathouse SALARIES & WAGES,8961.00,16.70,8961.00,14.10,0.00,2.70,7894.00,11.20,1067.00,5.50
"TOTAL Boathouse  SALARIES, WAGES, SC, CONTRACT & B",8961.00,16.70,8961.00,14.10,0.00,2.70,7894.00,11.20,1067.00,5.50
PAYROLL TAXES,672.00,1.30,672.00,1.10,0.00,0.20,1116.00,1.60,-444.00,-0.30
TOTAL VENUE 7 TAXES,672.00,1.30,672.00,1.10,0.00,0.20,1116.00,1.60,-444.00,-0.30
SUPPLEMENTAL PAY,0.00,0.00,0.00,0.00,0.00,0.00,0.00,0.00,0.00,0.00
PTO PAY,163.00,0.30,163.00,0.30,0.00,0.00,143.00,0.20,21.00,0.10
TOTAL Boathouse SUPPLEMENTAL PAY,163.00,0.30,163.00,0.30,0.00,0.00,143.00,0.20,21.00,0.10
WORKERS COMP,206.00,0.40,206.00,0.30,0.00,0.10,434.00,0.60,-228.00,-0.20
HEALTH INSURANCE,832.00,1.60,832.00,1.30,0.00,0.20,832.00,1.20,0.00,0.40
401K,0.00,0.00,0.00,0.00,0.00,0.00,0.00,0.00,0.00,0.00
EMPLOYEE MEALS,184.00,0.30,184.00,0.30,0.00,0.10,0.00,0.00,184.00,0.30
EMPLOYEE BENEFITS,2.00,0.00,2.00,0.00,0.00,0.00,2.00,0.00,0.00,0.00
TOTAL Boathouse BENEFITS,1224.00,2.30,1224.00,1.90,0.00,0.40,1268.00,1.80,-44.00,0.50
TOTAL Boathouse LABOR & RELATED,11020.00,20.60,11020.00,17.30,0.00,3.30,10420.00,14.80,600.00,5.70
DUES & SUBSCRIPTIONS,427.00,0.80,427.00,0.70,0.00,0.10,427.00,0.60,0.00,0.20
TOTAL Boathouse EXPENSE,21776.00,40.70,23752.00,37.30,-1977.00,3.40,10847.00,15.50,10929.00,25.20
TOTAL Boathouse PROFIT,31753.00,59.30,39877.00,62.70,-8124.00,-3.40,59354.00,84.50,-27601.00,-25.20
BREAKFAST,4012.00,78.60,5086.00,78.60,-1075.00,0.00,3997.00,67.40,14.00,11.10
LUNCH,0.00,0.00,0.00,0.00,0.00,0.00,199.00,3.40,-199.00,-3.40
TOTAL Waterside Cove FOOD,4012.00,78.60,5086.00,78.60,-1075.00,0.00,4197.00,70.80,-185.00,7.70
LIQUOR,94.00,1.80,119.00,1.80,-25.00,0.00,450.00,7.60,-356.00,-5.80
BEER,54.00,1.10,68.00,1.10,-14.00,0.00,20.00,0.30,34.00,0.70
WINE,4.00,0.10,6.00,0.10,-1.00,0.00,0.00,0.00,4.00,0.10
TOTAL Waterside Cove BEVERAGE,152.00,3.00,193.00,3.00,-41.00,0.00,470.00,7.90,-317.00,-4.90
SERVICE CHARGES,943.00,18.50,1196.00,18.50,-253.00,0.00,1261.00,21.30,-318.00,-2.80
TOTAL Waterside Cove OTHER,943.00,18.50,1196.00,18.50,-253.00,0.00,1261.00,21.30,-318.00,-2.80
TOTAL Waterside Cove REVENUE,5107.00,100.00,6475.00,100.00,-1368.00,0.00,5927.00,100.00,-820.00,0.00
FOOD,1203.00,30.00,1526.00,30.00,-322.00,0.00,0.00,0.00,1203.00,30.00
LIQUOR,15.00,16.00,19.00,16.00,-4.00,0.00,0.00,0.00,15.00,16.00
BEER,10.00,19.00,13.00,19.00,-3.00,0.00,0.00,0.00,10.00,19.00
WINE,1.00,25.00,1.00,25.00,0.00,0.00,0.00,0.00,1.00,25.00
TOTAL VENUE 8 COST OF SALES,1230.00,24.10,1559.00,24.10,-329.00,0.00,0.00,0.00,1230.00,24.10
TOTAL VENUE 8 GROSS PROFIT,3877.00,75.90,4916.00,75.90,-1039.00,0.00,5927.00,100.00,-2050.00,-24.10
CASHIERS,0.00,0.00,0.00,0.00,0.00,0.00,0.00,0.00,0.00,0.00
BARTENDERS,178.00,3.50,178.00,2.70,0.00,0.70,178.00,3.00,0.00,0.50
TOTAL VENUE 8 VENUE NON-MANAGEMENT,178.00,3.50,178.00,2.70,0.00,0.70,178.00,3.00,0.00,0.50
TOTAL VENUE 8 NON-MANAGEMENT,178.00,3.50,178.00,2.70,0.00,0.70,178.00,3.00,0.00,0.50
SUBTOTAL: VENUE 8 SALARIES & WAGES,178.00,3.50,178.00,2.70,0.00,0.70,178.00,3.00,0.00,0.50
CONTRACTED/LEASED & OUTSOURCED LABOR,0.00,0.00,0.00,0.00,0.00,0.00,0.00,0.00,0.00,0.00
TOTAL VENUE 8 CONTRACT LABOR,0.00,0.00,0.00,0.00,0.00,0.00,0.00,0.00,0.00,0.00
"TOTAL VENUE 8 SALARIES, WAGES, SC, CONTRACT & BONUS",178.00,3.50,178.00,2.70,0.00,0.70,178.00,3.00,0.00,0.50
PAYROLL TAXES,13.00,0.30,13.00,0.20,0.00,0.10,220.00,3.70,-207.00,-3.50
TOTAL VENUE 8 TAXES,13.00,0.30,13.00,0.20,0.00,0.10,220.00,3.70,-207.00,-3.50
WORKERS COMP,0.00,0.00,0.00,0.00,0.00,0.00,18.00,0.30,-18.00,-0.30
HEALTH INSURANCE,800.00,15.70,800.00,12.40,0.00,3.30,428.00,7.20,372.00,8.40
EMPLOYEE MEALS,0.00,0.00,0.00,0.00,0.00,0.00,0.00,0.00,0.00,0.00
EMPLOYEE BENEFITS,0.00,0.00,0.00,0.00,0.00,0.00,1.00,0.00,-1.00,0.00
TOTAL VENUE 8 BENEFITS,800.00,15.70,800.00,12.40,0.00,3.30,447.00,7.50,353.00,8.10
TOTAL VENUE 8 PAYROLL RELATED,814.00,15.90,814.00,12.60,0.00,3.40,668.00,11.30,146.00,4.70
TOTAL VENUE 8 LABOR & RELATED,991.00,19.40,991.00,15.30,0.00,4.10,845.00,14.30,146.00,5.10
TOTAL VENUE 8 EXPENSE,2221.00,43.50,2550.00,39.40,-329.00,4.10,845.00,14.30,1376.00,29.20
TOTAL VENUE 8 PROFIT,2886.00,56.50,3925.00,60.60,-1039.00,-4.10,5082.00,85.70,-2196.00,-29.20
BREAKFAST,33728.00,6.90,31241.00,6.90,2487.00,0.00,8456.00,3.90,25272.00,3.00
LUNCH,52070.00,10.60,48230.00,10.60,3840.00,0.00,10357.00,4.80,41713.00,5.90
DINNER,100531.00,20.50,93117.00,20.40,7414.00,0.10,24723.00,11.40,75808.00,9.10
BREAKS A.M.,23674.00,4.80,21928.00,4.80,1746.00,0.00,8177.00,3.80,15497.00,1.10
TOTAL BANQUETS FOOD,210003.00,42.90,194515.00,42.70,15488.00,0.20,51713.00,23.80,158290.00,19.10
BREAKFAST - CATERING,1304.00,0.30,1208.00,0.30,96.00,0.00,1546.00,0.70,-242.00,-0.40
LUNCH - CATERING,7200.00,1.50,6669.00,1.50,531.00,0.00,5412.00,2.50,1788.00,-1.00
DINNER - CATERING,30676.00,6.30,28413.00,6.20,2262.00,0.00,34495.00,15.90,-3819.00,-9.60
CATERING-COFFEE BREAK,0.00,0.00,263.00,0.10,-263.00,-0.10,263.00,0.10,-263.00,-0.10
BREAKS A.M. - CATERING,0.00,0.00,0.00,0.00,0.00,0.00,0.00,0.00,0.00,0.00
RECEPTIONS - CATERING,759.00,0.20,759.00,0.20,0.00,0.00,0.00,0.00,759.00,0.20
TOTAL CATERING FOOD,39939.00,8.10,37312.00,8.20,2627.00,0.00,41715.00,19.20,-1777.00,-11.00
LIQUOR,18452.00,3.80,17092.00,3.80,1361.00,0.00,12889.00,5.90,5563.00,-2.20
BEER,7308.00,1.50,6769.00,1.50,539.00,0.00,6134.00,2.80,1174.00,-1.30
WINE,4577.00,0.90,4240.00,0.90,338.00,0.00,2157.00,1.00,2420.00,-0.10
TOTAL BANQUETS BEVERAGE,30337.00,6.20,28100.00,6.20,2237.00,0.00,21180.00,9.70,9157.00,-3.50
LIQUOR - CATERING,10525.00,2.10,10525.00,2.30,0.00,-0.20,2050.00,0.90,8475.00,1.20
BEER - CATERING,2278.00,0.50,2278.00,0.50,0.00,0.00,2899.00,1.30,-621.00,-0.90
WINE - CATERING,1727.00,0.40,1727.00,0.40,0.00,0.00,473.00,0.20,1254.00,0.10
TOTAL CATERING BEVERAGE,14530.00,3.00,14530.00,3.20,0.00,-0.20,5422.00,2.50,9108.00,0.50
MEETING ROOM RENTALS,47913.00,9.80,44380.00,9.70,3534.00,0.00,15254.00,7.00,32659.00,2.80
SERVICE CHARGES,88384.00,18.00,82282.00,18.10,6102.00,0.00,46039.00,21.20,42345.00,-3.10
AV RENTAL/TECHNOLOGY,49011.00,10.00,45396.00,10.00,3615.00,0.00,26448.00,12.20,22563.00,-2.20
MISC BANQUET INCOME,9964.00,2.00,9229.00,2.00,735.00,0.00,9880.00,4.50,84.00,-2.50
ALLOWANCES,0.00,0.00,0.00,0.00,0.00,0.00,-149.00,-0.10,149.00,0.10
TOTAL BANQUETS & CATERING OTHER,195272.00,39.80,181287.00,39.80,13985.00,0.10,97472.00,44.80,97800.00,-5.00
TOTAL BANQUETS & CATERING REVENUE,490081.00,100.00,455744.00,100.00,34337.00,0.00,217503.00,100.00,272578.00,0.00
FOOD,72483.00,29.00,67230.00,29.00,5253.00,0.00,3575.00,3.80,68908.00,25.20
LIQUOR,4347.00,15.00,4142.00,15.00,204.00,0.00,2639.00,17.70,1708.00,-2.70
BEER,1630.00,17.00,1538.00,17.00,92.00,0.00,1565.00,17.30,64.00,-0.30
WINE,1450.00,23.00,1372.00,23.00,78.00,0.00,531.00,20.20,919.00,2.80
AV RENTAL/TECHNOLOGY,29779.00,60.80,27583.00,60.80,2196.00,0.00,12607.00,47.70,17172.00,13.10
OTHER,0.00,0.00,0.00,0.00,0.00,0.00,0.00,0.00,0.00,0.00
TOTAL BANQUETS & CATERING COST OF SALES,109688.00,22.40,101865.00,22.40,7823.00,0.00,20917.00,9.60,88771.00,12.80
TOTAL BANQUETS & CATERING GROSS PROFIT,380392.00,77.60,353879.00,77.60,26514.00,0.00,196586.00,90.40,183807.00,-12.80
MANAGER,5481.00,1.10,5481.00,1.20,0.00,-0.10,4846.00,2.20,635.00,-1.10
TOTAL BANQUETS & CATERING SERVICE MANAGEMENT,5481.00,1.10,5481.00,1.20,0.00,-0.10,4846.00,2.20,635.00,-1.10
SOUS CHEF,4750.00,1.00,4750.00,1.00,0.00,-0.10,3494.00,1.60,1256.00,-0.60
COOKS,0.00,0.00,0.00,0.00,0.00,0.00,0.00,0.00,0.00,0.00
TOTAL BANQUETS & CATERING KITCHEN NON-MANAGEMENT,4750.00,1.00,4750.00,1.00,0.00,-0.10,3494.00,1.60,1256.00,-0.60
BANQUET SETUP/BREAKDOWN,4781.00,1.00,4428.00,1.00,353.00,0.00,4011.00,1.80,770.00,-0.90
SERVERS,14800.00,3.00,13709.00,3.00,1092.00,0.00,8218.00,3.80,6582.00,-0.80
CAPTAINS,10560.00,2.20,9781.00,2.10,779.00,0.00,9281.00,4.30,1279.00,-2.10
BARTENDERS,2622.00,0.50,2429.00,0.50,193.00,0.00,772.00,0.40,1850.00,0.20
BARBACKS,0.00,0.00,0.00,0.00,0.00,0.00,0.00,0.00,0.00,0.00
SUPERVISOR,2432.00,0.50,2432.00,0.50,0.00,0.00,0.00,0.00,2432.00,0.50
TOTAL BANQUETS & CATERING NON-MANAGEMENT,39945.00,8.20,37529.00,8.20,2416.00,-0.10,25777.00,11.90,14168.00,-3.70
SUBTOTAL: BANQUETS & CATERING SALARIES & WAGES,45426.00,9.30,43010.00,9.40,2416.00,-0.20,30623.00,14.10,14803.00,-4.80
SERVICE CHARGES DISTRIBUTED,45023.00,9.20,41915.00,9.20,3108.00,0.00,22818.00,10.50,22205.00,-1.30
TOTAL BANQUETS & CATERING SERVICE CHARGE,45023.00,9.20,41915.00,9.20,3108.00,0.00,22818.00,10.50,22205.00,-1.30
CONTRACTED/LEASED & OUTSOURCED LABOR,13197.00,2.70,12240.00,2.70,956.00,0.00,0.00,0.00,13197.00,2.70
TOTAL BANQUETS & CATERING CONTRACT LABOR,13197.00,2.70,12240.00,2.70,956.00,0.00,0.00,0.00,13197.00,2.70
"TOTAL BANQUETS & CATERING SALARIES, WAGES, SC, CONTRACT & BONUS",103646.00,21.10,97165.00,21.30,6481.00,-0.20,53440.00,24.60,50205.00,-3.40
PAYROLL TAXES,7773.00,1.60,7287.00,1.60,486.00,0.00,3141.00,1.40,4632.00,0.10
TOTAL BANQUETS & CATERING TAXES,7773.00,1.60,7287.00,1.60,486.00,0.00,3141.00,1.40,4632.00,0.10
SUPPLEMENTAL PAY,52.00,0.00,49.00,0.00,3.00,0.00,384.00,0.00,-332.00,0.00
PTO EXPENSE,1627.00,0.30,1525.00,0.30,102.00,0.00,841.00,0.40,787.00,-0.10
TOTAL BANQUETS & CATERING SUPPLEMENTAL PAY,1679.00,0.30,1574.00,0.30,105.00,0.00,1225.00,0.60,455.00,-0.20
WORKERS COMP,933.00,0.20,874.00,0.20,58.00,0.00,717.00,0.30,216.00,-0.10
HEALTH INSURANCE,9598.00,2.00,8997.00,2.00,600.00,0.00,5460.00,2.50,4138.00,-0.60
401K,104.00,0.00,97.00,0.00,6.00,0.00,7.00,0.00,96.00,0.00
EMPLOYEE MEALS,1077.00,0.20,1006.00,0.20,71.00,0.00,296.00,0.10,781.00,0.10
EMPLOYEE BENEFITS,9.00,0.00,9.00,0.00,0.00,0.00,9.00,0.00,0.00,0.00
TOTAL BANQUETS & CATERING BENEFITS,11720.00,2.40,10984.00,2.40,736.00,0.00,6489.00,3.00,5231.00,-0.60
TOTAL BANQUETS & CATERING PAYROLL RELATED,21173.00,4.30,19846.00,4.40,1327.00,0.00,10855.00,5.00,10318.00,-0.70
TOTAL BANQUETS & CATERING LABOR & RELATED,124818.00,25.50,117011.00,25.70,7808.00,-0.20,64295.00,29.60,60523.00,-4.10
DECORATIONS,0.00,0.00,0.00,0.00,0.00,0.00,0.00,0.00,0.00,0.00
TOTAL BANQUETS & CATERING OTHER EXPENSES,0.00,0.00,0.00,0.00,0.00,0.00,0.00,0.00,0.00,0.00
TOTAL BANQUETS & CATERING EXPENSE,234506.00,47.90,218876.00,48.00,15631.00,-0.20,85212.00,39.20,149294.00,8.70
TOTAL BANQUETS & CATERING PROFIT,255574.00,52.10,236868.00,52.00,18706.00,0.20,132290.00,60.80,123284.00,-8.70
TOTAL RETAIL ROLLUP GROSS PROFIT,10769.00,55.00,21196.00,55.00,-10427.00,0.00,9877.00,41.10,893.00,13.90
TOTAL RETAIL ROLLUP PROFIT,8343.00,42.60,18580.00,48.20,-10237.00,-5.60,5325.00,22.20,3018.00,20.40
"TOTAL FOOD & BEVERAGE ADMIN SALARIES, WAGES, SC, CONTRACT & BONUS",97334.00,12.70,100444.00,12.30,-3110.00,0.30,113298.00,21.00,-15964.00,-8.30
"TOTAL VENUE 1 SALARIES, WAGES, SC, CONTRACT & BONUS",66076.00,106.70,98326.00,88.20,-32250.00,18.50,38501.00,36.10,27575.00,70.60
"TOTAL VENUE 2 SALARIES, WAGES, SC, CONTRACT & BONUS",66265.00,59.90,68450.00,59.10,-2185.00,0.70,32005.00,32.70,34260.00,27.20
"TOTAL VENUE 3 SALARIES, WAGES, SC, CONTRACT & BONUS",20471.00,49.10,25304.00,47.80,-4833.00,1.20,13526.00,38.40,6945.00,10.70
"TOTAL VENUE 4 SALARIES, WAGES, SC, CONTRACT & BONUS",3654.00,0.00,3654.00,0.00,0.00,0.00,3700.00,0.00,-46.00,0.00
"TOTAL VENUE 6   SALARIES, WAGES, SC, CONTRACT & BONUS",1237.00,20.50,1569.00,20.50,-332.00,0.00,2686.00,37.70,-1448.00,-17.30
"TOTAL Boathouse  SALARIES, WAGES, SC, CONTRACT & B",8961.00,16.70,8961.00,14.10,0.00,2.70,7894.00,11.20,1067.00,5.50
"TOTAL VENUE 8 SALARIES, WAGES, SC, CONTRACT & BONUS",178.00,3.50,178.00,2.70,0.00,0.70,178.00,3.00,0.00,0.50
"TOTAL BANQUETS & CATERING SALARIES, WAGES, SC, CONTRACT & BONUS",103646.00,21.10,97165.00,21.30,6481.00,-0.20,53440.00,24.60,50205.00,-3.40
SUBTOTAL: FOOD & BEVERAGE ADMIN SALARIES & WAGES,66313.00,8.60,67834.00,8.30,-1521.00,0.30,50653.00,9.40,15660.00,-0.70
TOTAL FOOD & BEVERAGE ADMIN SERVICE CHARGES,1875.00,0.20,1875.00,0.20,0.00,0.00,1875.00,0.30,0.00,-0.10
TOTAL FOOD & BEVERAGE ADMIN BONUS,1688.00,0.20,1688.00,0.20,0.00,0.00,1481.00,0.30,207.00,-0.10
TOTAL FOOD & BEVERAGE CONTRACT LABOR,27458.00,3.60,29047.00,3.60,-1589.00,0.00,59289.00,11.00,-31831.00,-7.40
"TOTAL FOOD & BEVERAGE ADMIN SALARIES, WAGES, SC, CONTRACT & BONUS",97334.00,12.70,100444.00,12.30,-3110.00,0.30,113298.00,21.00,-15964.00,-8.30
TOTAL FOOD & BEVERAGE ADMIN PAYROLL TAXES,7300.00,0.90,7533.00,0.90,-233.00,0.00,3476.00,0.60,3824.00,0.30
TOTAL FOOD & BEVERAGE ADMIN SUPPLEMENTAL PAY,2540.00,0.30,2622.00,0.30,-81.00,0.00,5220.00,1.00,-2680.00,-0.60
TOTAL FOOD & BEVERAGE ADMIN BENEFITS,6817.00,0.90,7048.00,0.90,-231.00,0.00,7658.00,1.40,-841.00,-0.50
TOTAL FOOD & BEVERAGE ADMIN TAXES & BENEFITS,16658.00,2.20,17203.00,2.10,-545.00,0.10,16354.00,3.00,303.00,-0.90
"TOTAL FOOD & BEVERAGE ADMIN PAYROLL, TAXES & BENEFITS",113992.00,14.80,117647.00,14.50,-3655.00,0.40,129653.00,24.00,-15661.00,-9.20
,,,,,,,,,,
SUBTOTAL: VENUE 1 SALARIES & WAGES,66076.00,106.70,98326.00,88.20,-32250.00,18.50,38501.00,36.10,27575.00,70.60
TOTAL VENUE 1 CONTRACT LABOR,0.00,0.00,0.00,0.00,0.00,0.00,0.00,0.00,0.00,0.00
"TOTAL VENUE 1 SALARIES, WAGES, SC, CONTRACT & BONUS",66076.00,106.70,98326.00,88.20,-32250.00,18.50,38501.00,36.10,27575.00,70.60
TOTAL VENUE 1 TAXES,4956.00,8.00,7374.00,6.60,-2419.00,1.40,3548.00,3.30,1408.00,4.70
TOTAL VENUE 1 SUPPLEMENTAL PAY,2438.00,3.90,3628.00,3.30,-1190.00,0.70,1689.00,1.60,749.00,2.40
TOTAL VENUE 1 BENEFITS,6685.00,10.80,9905.00,8.90,-3221.00,1.90,8109.00,7.60,-1424.00,3.20
TOTAL VENUE 1 PAYROLL RELATED,14079.00,22.70,20908.00,18.80,-6829.00,4.00,13346.00,12.50,733.00,10.20
TOTAL VENUE 1 LABOR & RELATED,80155.00,129.40,119234.00,107.00,-39079.00,22.40,51847.00,48.60,28308.00,80.80
,,,,,,,,,,
SUBTOTAL: VENUE 2 VENUE SALARIES & WAGES,62239.00,56.20,64227.00,55.50,-1987.00,0.70,32005.00,32.70,30235.00,23.60
TOTAL VENUE 2 CONTRACT LABOR,4026.00,3.60,4223.00,3.60,-197.00,0.00,0.00,0.00,4026.00,3.60
"TOTAL VENUE 2 SALARIES, WAGES, SC, CONTRACT & BONUS",66265.00,59.90,68450.00,59.10,-2185.00,0.70,32005.00,32.70,34260.00,27.20
TOTAL VENUE 2 TAXES,4970.00,4.50,5134.00,4.40,-164.00,0.10,3487.00,3.60,1483.00,0.90
TOTAL VENUE 2 SUPPLEMENTAL PAY,1272.00,1.10,1314.00,1.10,-42.00,0.00,1183.00,1.20,89.00,-0.10
TOTAL VENUE 2 BENEFITS,7915.00,7.10,8183.00,7.10,-268.00,0.10,7860.00,8.00,54.00,-0.90
TOTAL VENUE 2 PAYROLL RELATED,14157.00,12.80,14631.00,12.60,-474.00,0.20,12531.00,12.80,1626.00,0.00
TOTAL VENUE 2 LABOR & RELATED,80422.00,72.70,83081.00,71.80,-2658.00,0.90,44536.00,45.50,35887.00,27.20
,,,,,,,,,,
SUBTOTAL: VENUE 3 SALARIES & WAGES,18884.00,45.30,23292.00,44.00,-4408.00,1.20,13526.00,38.40,5359.00,6.90
TOTAL VENUE 3 CONTRACT LABOR,1586.00,3.80,2011.00,3.80,-425.00,0.00,0.00,0.00,1586.00,3.80
"TOTAL VENUE 3 SALARIES, WAGES, SC, CONTRACT & BONUS",20471.00,49.10,25304.00,47.80,-4833.00,1.20,13526.00,38.40,6945.00,10.70
TOTAL VENUE 3 TAXES,1535.00,3.70,1898.00,3.60,-362.00,0.10,548.00,1.60,988.00,2.10
TOTAL VENUE 3 SUPPLEMENTAL PAY,342.00,0.80,423.00,0.80,-81.00,0.00,573.00,1.60,-232.00,-0.80
TOTAL VENUE 3 BENEFITS,1102.00,2.60,1244.00,2.40,-142.00,0.30,1437.00,4.10,-335.00,-1.40
TOTAL VENUE 3 PAYROLL RELATED,2979.00,7.10,3564.00,6.70,-585.00,0.40,2558.00,7.30,421.00,-0.10
TOTAL VENUE 3 LABOR & RELATED,23450.00,56.20,28868.00,54.60,-5418.00,1.60,16084.00,45.60,7366.00,10.60
,,,,,,,,,,
SUBTOTAL: VENUE 4 SALARIES & WAGES,3654.00,0.00,3654.00,0.00,0.00,0.00,3700.00,0.00,-46.00,0.00
"TOTAL VENUE 4 SALARIES, WAGES, SC, CONTRACT & BONUS",3654.00,0.00,3654.00,0.00,0.00,0.00,3700.00,0.00,-46.00,0.00
TOTAL VENUE 4 TAXES,274.00,0.00,274.00,0.00,0.00,0.00,99.00,0.00,175.00,0.00
TOTAL VENUE 4 SUPPLEMENTAL PAY,536.00,0.00,536.00,0.00,0.00,0.00,536.00,0.00,0.00,0.00
TOTAL VENUE 4 TAXES,730.00,0.00,730.00,0.00,0.00,0.00,730.00,0.00,0.00,0.00
TOTAL VENUE 4 PAYROLL RELATED,1540.00,0.00,1540.00,0.00,0.00,0.00,1365.00,0.00,175.00,0.00
TOTAL VENUE 4 LABOR & RELATED,5194.00,0.00,5194.00,0.00,0.00,0.00,5065.00,0.00,129.00,0.00
,,,,,,,,,,
TOTAL VENUE 5 SUPPLEMENTAL PAY,0.00,0.00,0.00,0.00,0.00,0.00,0.00,0.00,0.00,0.00
TOTAL VENUE 5 BENEFITS,0.00,0.00,0.00,0.00,0.00,0.00,0.00,0.00,0.00,0.00
TOTAL VENUE 5 PAYROLL RELATED,0.00,0.00,0.00,0.00,0.00,0.00,0.00,0.00,0.00,0.00
TOTAL VENUE 5 LABOR & RELATED,0.00,0.00,0.00,0.00,0.00,0.00,0.00,0.00,0.00,0.00
,,,,,,,,,,
SUBTOTAL: VENUE 6 SALARIES & WAGES,1237.00,20.50,1569.00,20.50,-332.00,0.00,2686.00,37.70,-1448.00,-17.30
"TOTAL VENUE 6   SALARIES, WAGES, SC, CONTRACT & BONUS",1237.00,20.50,1569.00,20.50,-332.00,0.00,2686.00,37.70,-1448.00,-17.30
TOTAL VENUE 6 TAXES,93.00,1.50,118.00,1.50,-25.00,0.00,168.00,2.40,-75.00,-0.80
TOTAL VENUE 6 BENEFITS,185.00,3.10,201.00,2.60,-16.00,0.40,306.00,4.30,-121.00,-1.20
TOTAL VENUE 6 PAYROLL RELATED,278.00,4.60,319.00,4.20,-41.00,0.40,474.00,6.70,-197.00,-2.10
TOTAL VENUE 6 LABOR & RELATED,1515.00,25.10,1888.00,24.60,-372.00,0.40,3160.00,44.40,-1645.00,-19.40
,,,,,,,,,,
SUBTOTAL: Boathouse SALARIES & WAGES,8961.00,16.70,8961.00,14.10,0.00,2.70,7894.00,11.20,1067.00,5.50
"TOTAL Boathouse  SALARIES, WAGES, SC, CONTRACT & B",8961.00,16.70,8961.00,14.10,0.00,2.70,7894.00,11.20,1067.00,5.50
TOTAL VENUE 7 TAXES,672.00,1.30,672.00,1.10,0.00,0.20,1116.00,1.60,-444.00,-0.30
TOTAL Boathouse SUPPLEMENTAL PAY,163.00,0.30,163.00,0.30,0.00,0.00,143.00,0.20,21.00,0.10
TOTAL Boathouse BENEFITS,1224.00,2.30,1224.00,1.90,0.00,0.40,1268.00,1.80,-44.00,0.50
TOTAL Boathouse LABOR & RELATED,11020.00,20.60,11020.00,17.30,0.00,3.30,10420.00,14.80,600.00,5.70
,,,,,,,,,,
SUBTOTAL: VENUE 8 SALARIES & WAGES,178.00,3.50,178.00,2.70,0.00,0.70,178.00,3.00,0.00,0.50
TOTAL VENUE 8 CONTRACT LABOR,0.00,0.00,0.00,0.00,0.00,0.00,0.00,0.00,0.00,0.00
"TOTAL VENUE 8 SALARIES, WAGES, SC, CONTRACT & BONUS",178.00,3.50,178.00,2.70,0.00,0.70,178.00,3.00,0.00,0.50
TOTAL VENUE 8 TAXES,13.00,0.30,13.00,0.20,0.00,0.10,220.00,3.70,-207.00,-3.50
TOTAL VENUE 8 BENEFITS,800.00,15.70,800.00,12.40,0.00,3.30,447.00,7.50,353.00,8.10
TOTAL VENUE 8 PAYROLL RELATED,814.00,15.90,814.00,12.60,0.00,3.40,668.00,11.30,146.00,4.70
TOTAL VENUE 8 LABOR & RELATED,991.00,19.40,991.00,15.30,0.00,4.10,845.00,14.30,146.00,5.10
,,,,,,,,,,
,,,,,,,,,,
SUBTOTAL: BANQUETS & CATERING SALARIES & WAGES,45426.00,9.30,43010.00,9.40,2416.00,-0.20,30623.00,14.10,14803.00,-4.80
TOTAL BANQUETS & CATERING SERVICE CHARGE,45023.00,9.20,41915.00,9.20,3108.00,0.00,22818.00,10.50,22205.00,-1.30
TOTAL BANQUETS & CATERING CONTRACT LABOR,13197.00,2.70,12240.00,2.70,956.00,0.00,0.00,0.00,13197.00,2.70
"TOTAL BANQUETS & CATERING SALARIES, WAGES, SC, CONTRACT & BONUS",103646.00,21.10,97165.00,21.30,6481.00,-0.20,53440.00,24.60,50205.00,-3.40
TOTAL BANQUETS & CATERING TAXES,7773.00,1.60,7287.00,1.60,486.00,0.00,3141.00,1.40,4632.00,0.10
TOTAL BANQUETS & CATERING SUPPLEMENTAL PAY,1679.00,0.30,1574.00,0.30,105.00,0.00,1225.00,0.60,455.00,-0.20
TOTAL BANQUETS & CATERING BENEFITS,11720.00,2.40,10984.00,2.40,736.00,0.00,6489.00,3.00,5231.00,-0.60
TOTAL BANQUETS & CATERING PAYROLL RELATED,21173.00,4.30,19846.00,4.40,1327.00,0.00,10855.00,5.00,10318.00,-0.70
TOTAL BANQUETS & CATERING LABOR & RELATED,124818.00,25.50,117011.00,25.70,7808.00,-0.20,64295.00,29.60,60523.00,-4.10
