Description,FC_AMT,FC_%REV,BUDGET_AMT,BUDGET_%REV,VAR_AMT,VAR_%REV,LY_AMT,LY_%REV,LY_VAR_AMT,LY_VAR_%REV,Cluster
Food & Beverage,769127.0,39.7,813629.0,37.7,-44502.0,2.0,540662.0,37.3,228465.0,2.3,2
Total Departmental Expenses,1098295.0,56.6,1167177.0,54.0,-68881.0,2.6,874398.0,60.4,223898.0,-3.8,5
EBITDA Less Reserve,-356015.0,-18.4,-229975.0,-10.6,-126040.0,-7.7,-410390.0,-28.3,54375.0,10.0,4
VENUE 1 FOOD,43168.0,5.6,80000.0,9.8,-36832.0,-4.2,59334.0,11.0,-16166.0,-5.4,0
VENUE 2 FOOD,70629.0,9.2,74088.0,9.1,-3459.0,0.1,54142.0,10.0,16488.0,-0.8,0
VENUE 3 FOOD,36972.0,4.8,46877.0,5.8,-9906.0,-1.0,30849.0,5.7,6123.0,-0.9,1
VENUE 6 FOOD,1463.0,0.2,1854.0,0.2,-392.0,0.0,1832.0,0.3,-370.0,-0.1,1
VENUE 7 FOOD,10135.0,1.3,12851.0,1.6,-2715.0,-0.3,24039.0,4.4,-13904.0,-3.1,1
VENUE 8 FOOD,4012.0,0.5,5086.0,0.6,-1075.0,-0.1,4197.0,0.8,-185.0,-0.3,1
BANQUET & CATERING FOOD,249942.0,32.5,231827.0,28.5,18115.0,4.0,93428.0,17.3,156513.0,15.2,3
TOTAL F&B FOOD REVENUE,416320.0,54.1,452584.0,55.6,-36264.0,-1.5,267820.0,49.5,148500.0,4.6,3
VENUE 1 BEVERAGE,18768.0,2.4,31441.0,3.9,-12674.0,-1.4,47553.0,8.8,-28785.0,-6.4,1
VENUE 2 BEVERAGE,37856.0,4.9,39359.0,4.8,-1504.0,0.1,43336.0,8.0,-5480.0,-3.1,1
VENUE 3 BEVERAGE,2337.0,0.3,2963.0,0.4,-626.0,-0.1,2446.0,0.5,-109.0,-0.1,1
VENUE 6 BEVERAGE,4584.0,0.6,5812.0,0.7,-1228.0,-0.1,5090.0,0.9,-506.0,-0.3,1
VENUE 7 BEVERAGE,41370.0,5.4,48755.0,6.0,-7385.0,-0.6,44322.0,8.2,-2953.0,-2.8,1
VENUE 8 BEVERAGE,152.0,0.0,193.0,0.0,-41.0,0.0,470.0,0.1,-317.0,-0.1,1
BANQUET & CATERING BEVERAGE,44867.0,5.8,42630.0,5.2,2237.0,0.6,26603.0,4.9,18265.0,0.9,1
TOTAL F&B BEVERAGE REVENUE,149933.0,19.5,171154.0,21.0,-21220.0,-1.5,169819.0,31.4,-19886.0,-11.9,0
TOTAL F&B  REVENUE,566254.0,73.6,623738.0,76.7,-57484.0,-3.0,437639.0,80.9,128614.0,-7.3,2
MEETING RENTAL AND SETUP CHARGES,47913.0,6.2,44380.0,5.5,3534.0,0.8,15254.0,2.8,32659.0,3.4,1
AV RENTAL,49011.0,6.4,45396.0,5.6,3615.0,0.8,26448.0,4.9,22563.0,1.5,1
BANQUET OTHER,9964.0,1.3,9229.0,1.1,735.0,0.2,9880.0,1.8,84.0,-0.5,1
SERVICE CHARGES,89327.0,11.6,83478.0,10.3,5849.0,1.4,47300.0,8.7,42027.0,2.9,0
OTHER,6659.0,0.9,7409.0,0.9,-750.0,0.0,4483.0,0.8,2175.0,0.0,1
ALLOWANCES & DISCOUNTS,0.0,0.0,0.0,0.0,0.0,0.0,-343.0,-0.1,343.0,0.1,1
TOTAL F&B OTHER REVENUE,202874.0,26.4,189892.0,23.3,12982.0,3.0,103022.0,19.1,99851.0,7.3,0
TOTAL F&B DEPARTMENT REVENUE,769127.0,39.7,813629.0,37.7,-44502.0,2.0,540662.0,37.3,228465.0,2.3,2
FOOD COS,111616.0,26.8,122330.0,27.0,-10714.0,-0.2,94054.0,35.1,17562.0,-8.3,0
LIQUOR COST,14872.0,9.9,17622.0,10.3,-2750.0,-0.4,17419.0,10.3,-2546.0,-0.3,1
BEER COST,7111.0,4.7,7767.0,4.5,-656.0,0.2,5437.0,3.2,1674.0,1.5,1
WINE COST,2945.0,2.0,2976.0,1.7,-32.0,0.2,4392.0,2.6,-1448.0,-0.6,1
TOTAL BEVERAGE COS,24928.0,16.6,28365.0,16.6,-3437.0,0.1,27248.0,16.0,-2320.0,0.6,1
AV RENTAL COS,29779.0,3.9,27583.0,3.4,2196.0,0.5,12607.0,2.3,17172.0,1.5,1
OTHER REVENUE COS,2196.0,1.1,2539.0,1.3,-343.0,-0.3,-643.0,-0.6,2839.0,1.7,1
TOTAL F&B COST OF SALES,168519.0,21.9,180817.0,22.2,-12297.0,-0.3,133266.0,24.6,35253.0,-2.7,0
TOTAL F&B GROSS PROFIT,600608.0,78.1,632813.0,77.8,-32205.0,0.3,407395.0,75.4,193212.0,2.7,2
SOUS CHEF,16418.0,2.1,16418.0,2.0,0.0,0.1,9628.0,1.8,6789.0,0.4,1
EXECUTIVE CHEF,8404.0,1.1,8404.0,1.0,0.0,0.1,0.0,0.0,8404.0,1.1,1
EXECUTIVE SOUS CHEF,7308.0,1.0,7308.0,0.9,0.0,0.1,0.0,0.0,7308.0,1.0,1
TOTAL F&B KITCHEN MANAGEMENT,32130.0,4.2,32130.0,3.9,0.0,0.2,9628.0,1.8,22502.0,2.4,1
MANAGER,28214.0,3.7,28214.0,3.5,0.0,0.2,24281.0,4.5,3933.0,-0.8,1
ASSIST MANAGER,9898.0,1.3,9898.0,1.2,0.0,0.1,7312.0,1.4,2586.0,-0.1,1
RESTAURANT MANAGER NE,10560.0,1.4,9781.0,1.2,779.0,0.2,9281.0,1.7,1279.0,-0.3,1
F&B DIRECTOR,9865.0,1.3,9865.0,1.2,0.0,0.1,8656.0,1.6,1209.0,-0.3,1
TOTAL F&B SERVICE MANAGEMENT,58537.0,7.6,57758.0,7.1,779.0,0.5,49530.0,9.2,9007.0,-1.6,0
TOTAL F&B MANAGEMENT,90667.0,11.8,89888.0,11.0,779.0,0.7,59158.0,10.9,31509.0,0.8,0
COOK,43165.0,5.6,52218.0,6.4,-9053.0,-0.8,37959.0,7.0,5205.0,-1.4,1
STEWARD,40203.0,5.2,67074.0,8.2,-26870.0,-3.0,4889.0,0.9,35314.0,4.3,1
KITCHEN SUPERVISOR,10232.0,1.3,10232.0,1.3,0.0,0.1,14923.0,2.8,-4691.0,-1.4,1
CHIEF STEWARD,4417.0,0.6,4417.0,0.5,0.0,0.0,0.0,0.0,4417.0,0.6,1
TOTAL F&B KITCHEN NON-MANAGEMENT,98017.0,12.7,133940.0,16.5,-35923.0,-3.7,57771.0,10.7,40246.0,2.1,0
SERVERS,22822.0,3.0,21879.0,2.7,944.0,0.3,15696.0,2.9,7127.0,0.1,1
BUSSERS,4169.0,0.5,4659.0,0.6,-490.0,0.0,4093.0,0.8,76.0,-0.2,1
RUNNER,2823.0,0.4,2952.0,0.4,-129.0,0.0,0.0,0.0,2823.0,0.4,1
CASHIER,7857.0,1.0,9961.0,1.2,-2105.0,-0.2,7798.0,1.4,59.0,-0.4,1
BARTENDERS,12517.0,1.6,12996.0,1.6,-479.0,0.0,12086.0,2.2,430.0,-0.6,1
BARBACKS,5639.0,0.7,5941.0,0.7,-302.0,0.0,2084.0,0.4,3555.0,0.3,1
HOSTS,8334.0,1.1,8837.0,1.1,-504.0,0.0,4488.0,0.8,3846.0,0.3,1
SUPERVISOR,12304.0,1.6,12529.0,1.5,-226.0,0.1,9969.0,1.8,2335.0,-0.2,1
BANQUET SETUP/BREAKDOWN,4781.0,0.6,4428.0,0.5,353.0,0.1,4011.0,0.7,770.0,-0.1,1
ADMINISTRATIVE SUPPORT,3040.0,0.4,3040.0,0.4,0.0,0.0,2610.0,0.5,430.0,-0.1,1
TOTAL F&B VENUE NON-MANAGEMENT,84285.0,11.0,87222.0,10.7,-2937.0,0.2,62835.0,11.6,21450.0,-0.7,0
TOTAL F&B NON-MANAGEMENT,182302.0,23.7,221163.0,27.2,-38861.0,-3.5,120606.0,22.3,61696.0,1.4,0
SUBTOTAL: F&B SALARIES & WAGES,272969.0,35.5,311051.0,38.2,-38082.0,-2.7,179765.0,33.2,93205.0,2.2,3
SERVICE CHARGES DISTRIBUTED,46898.0,6.1,43790.0,5.4,3108.0,0.7,24693.0,4.6,22205.0,1.5,1
TOTAL F&B SERVICE CHARGE,46898.0,6.1,43790.0,5.4,3108.0,0.7,24693.0,4.6,22205.0,1.5,1
BONUS/INCENTIVES - BANQUETS AND CATERING,1688.0,0.2,1688.0,0.2,0.0,0.0,1481.0,0.3,207.0,-0.1,1
TOTAL F&B BONUS,1688.0,0.2,1688.0,0.2,0.0,0.0,1481.0,0.3,207.0,-0.1,1
CONTRACTED/LEASED & OUTSOURCED LABOR,46267.0,6.0,47521.0,5.8,-1254.0,0.2,59289.0,11.0,-13023.0,-5.0,1
TOTAL F&B CONTRACT LABOR,46267.0,6.0,47521.0,5.8,-1254.0,0.2,59289.0,11.0,-13023.0,-5.0,1
"TOTAL F&B SALARIES, WAGES, SC, CONTRACT & BONUS",367822.0,47.8,404050.0,49.7,-36228.0,-1.8,265228.0,49.1,102594.0,-1.2,3
PAYROLL TAXES,27587.0,3.6,30304.0,3.7,-2717.0,-0.1,15803.0,2.9,11784.0,0.7,1
TOTAL F&B TAXES,27587.0,3.6,30304.0,3.7,-2717.0,-0.1,15803.0,2.9,11784.0,0.7,1
SUPPLEMENTAL PAY,1108.0,0.1,1320.0,0.2,-212.0,0.0,1328.0,0.2,-219.0,-0.1,1
PTO PAY,7862.0,1.0,8939.0,1.1,-1077.0,-0.1,9241.0,1.7,-1379.0,-0.7,1
TOTAL F&B SUPPLEMENTAL PAY,8971.0,1.2,10260.0,1.3,-1289.0,-0.1,10569.0,2.0,-1598.0,-0.8,1
WORKERS COMP,4895.0,0.6,5402.0,0.7,-507.0,0.0,6099.0,1.1,-1204.0,-0.5,1
HEALTH INSURANCE,26138.0,3.4,28030.0,3.4,-1892.0,0.0,25877.0,4.8,261.0,-1.4,1
401K,751.0,0.1,774.0,0.1,-23.0,0.0,532.0,0.1,218.0,0.0,1
EMPLOYEE BENEFITS,112.0,0.0,112.0,0.0,0.0,0.0,93.0,0.0,19.0,0.0,1
EMPLOYEE MEALS,5283.0,0.7,6002.0,0.7,-719.0,-0.1,1705.0,0.3,3578.0,0.4,1
TOTAL F&B BENEFITS,37178.0,4.8,40320.0,5.0,-3142.0,-0.1,34306.0,6.3,2872.0,-1.5,1
TOTAL F&B PAYROLL RELATED,73735.0,9.6,80883.0,9.9,-7148.0,-0.4,60677.0,11.2,13058.0,-1.6,0
TOTAL F&B LABOR & RELATED,441557.0,57.4,484932.0,59.6,-43376.0,-2.2,325905.0,60.3,115652.0,-2.9,3
COMP SERVICES & GIFTS,2000.0,0.3,2000.0,0.2,0.0,0.0,1842.0,0.3,158.0,-0.1,1
CLEANING SUPPLIES,1105.0,0.1,1172.0,0.1,-67.0,0.0,4463.0,0.8,-3358.0,-0.7,1
CONTRACT SERVICES,10250.0,1.3,10250.0,1.3,0.0,0.1,8862.0,1.6,1388.0,-0.3,1
DECORATIONS,1200.0,0.2,1200.0,0.1,0.0,0.0,300.0,0.1,900.0,0.1,1
DISHWASHING SUPPLIES,2210.0,0.3,2343.0,0.3,-134.0,0.0,0.0,0.0,2210.0,0.3,1
DUES & SUBSCRIPTIONS,1176.0,0.2,1176.0,0.1,0.0,0.0,1176.0,0.2,0.0,-0.1,1
EMP TRAIN & DEVELOP,350.0,0.0,350.0,0.0,0.0,0.0,0.0,0.0,350.0,0.0,1
EQUIPMENT RENTAL,2949.0,0.4,2949.0,0.4,0.0,0.0,2949.0,0.5,0.0,-0.2,1
KITCHEN FUEL,919.0,0.1,975.0,0.1,-56.0,0.0,196.0,0.0,723.0,0.1,1
LAUNDRY & DRY CLEANING,4411.0,0.6,4102.0,0.5,309.0,0.1,0.0,0.0,4411.0,0.6,1
LICENSES & PERMITS,484.0,0.1,484.0,0.1,0.0,0.0,484.0,0.1,0.0,0.0,1
MISCELLANEOUS,750.0,0.1,750.0,0.1,0.0,0.0,1291.0,0.2,-541.0,-0.1,1
MUSIC & ENTERTAINMENT,7000.0,0.9,7000.0,0.9,0.0,0.0,12082.0,2.2,-5082.0,-1.3,1
OPERATING SUPPLIES,1839.0,0.2,1951.0,0.2,-111.0,0.0,415.0,0.1,1424.0,0.2,1
PAPER SUPPLIES,7733.0,1.0,8201.0,1.0,-468.0,0.0,6811.0,1.3,922.0,-0.3,1
PRINTING & STATIONERY,1500.0,0.2,1500.0,0.2,0.0,0.0,268.0,0.0,1232.0,0.1,1
T&E - MEALS,0.0,0.0,0.0,0.0,0.0,0.0,1278.0,0.2,-1278.0,-0.2,1
T&E - OTHER,0.0,0.0,0.0,0.0,0.0,0.0,1314.0,0.2,-1314.0,-0.2,1
UNIFORM CLEANING,300.0,0.0,300.0,0.0,0.0,0.0,1613.0,0.3,-1313.0,-0.3,1
UNIFORM REPLACEMENT,1200.0,0.2,1200.0,0.1,0.0,0.0,1173.0,0.2,27.0,-0.1,1
DEPARTMENTAL ALLOCATION,0.0,0.0,0.0,0.0,0.0,0.0,3348.0,0.6,-3348.0,-0.6,1
TOTAL F&B OTHER EXPENSES,47375.0,6.2,47901.0,5.9,-526.0,0.3,49864.0,9.2,-2489.0,-3.1,1
TOTAL F&B EXPENSE,657451.0,85.5,713650.0,87.7,-56198.0,-2.2,509035.0,94.2,148416.0,-8.7,2
TOTAL F&B PROFIT,111676.0,14.5,99980.0,12.3,11696.0,2.2,31626.0,5.8,80049.0,8.7,0
COST OF SALES-FOOD,0.0,0.0,0.0,0.0,0.0,0.0,75804.0,14.0,-75804.0,-14.0,1
EMPLOYEE MEALS CREDIT,-10539.0,-1.4,-11256.0,-1.4,717.0,0.0,-3427.0,-0.6,-7112.0,-0.7,1
COST OF SALES-LIQUOR,0.0,0.0,0.0,0.0,0.0,0.0,8764.0,1.6,-8764.0,-1.6,1
COST OF SALES-BEER,0.0,0.0,0.0,0.0,0.0,0.0,772.0,0.1,-772.0,-0.1,1
COST OF SALES-WINE,0.0,0.0,0.0,0.0,0.0,0.0,3701.0,0.7,-3701.0,-0.7,1
COST OF SALES-OTHER,0.0,0.0,0.0,0.0,0.0,0.0,579.0,0.1,-579.0,-0.1,1
COST OF SALES-OTHER - RETAIL,0.0,0.0,0.0,0.0,0.0,0.0,256.0,0.0,-256.0,0.0,1
TOTAL FOOD & BEVERAGE ADMIN COST OF SALES,-10539.0,-1.4,-11256.0,-1.4,717.0,0.0,86448.0,16.0,-96987.0,-17.4,1
EXECUTIVE CHEF,8404.0,1.1,8404.0,1.0,0.0,0.1,0.0,0.0,8404.0,1.1,1
EXECUTIVE SOUS CHEF,7308.0,1.0,7308.0,0.9,0.0,0.1,0.0,0.0,7308.0,1.0,1
TOTAL FOOD & BEVERAGE ADMIN KITCHEN MANAGEMENT,15712.0,2.0,15712.0,1.9,0.0,0.1,0.0,0.0,15712.0,2.0,1
F&B DIRECTOR,9865.0,1.3,9865.0,1.2,0.0,0.1,8656.0,1.6,1209.0,-0.3,1
DIRECTOR OF RESTAURANTS,6212.0,0.8,6212.0,0.8,0.0,0.0,5576.0,1.0,636.0,-0.2,1
ADMINISTRATIVE SUPPORT,3040.0,0.4,3040.0,0.4,0.0,0.0,2610.0,0.5,430.0,-0.1,1
TOTAL FOOD & BEVERAGE ADMIN SERVICE MANAGEMENT,19117.0,2.5,19117.0,2.3,0.0,0.1,16843.0,3.1,2274.0,-0.6,1
TOTAL FOOD & BEVERAGE ADMIN MANAGEMENT,34829.0,4.5,34829.0,4.3,0.0,0.2,16843.0,3.1,17987.0,1.4,1
CHIEF STEWARD,4417.0,0.6,4417.0,0.5,0.0,0.0,0.0,0.0,4417.0,0.6,1
KITCHEN-COOK,16075.0,2.1,17600.0,2.2,-1525.0,-0.1,18906.0,3.5,-2832.0,-1.4,1
KITCHEN-STEWARD,4179.0,0.5,4175.0,0.5,4.0,0.0,2827.0,0.5,1353.0,0.0,1
KITCHEN SUPERVISOR,2736.0,0.4,2736.0,0.3,0.0,0.0,4915.0,0.9,-2179.0,-0.6,1
SUPERVISOR,0.0,0.0,0.0,0.0,0.0,0.0,3086.0,0.6,-3086.0,-0.6,1
TOTAL FOOD & BEVERAGE ADMIN KITCHEN NON-MANAGEMENT,27407.0,3.6,28928.0,3.6,-1521.0,0.0,29734.0,5.5,-2326.0,-1.9,1
SOUS CHEF,4077.0,0.5,4077.0,0.5,0.0,0.0,4077.0,0.8,0.0,-0.2,1
TOTAL FOOD & BEVERAGE ADMIN VENUES NON-MANAGEMENT,4077.0,0.5,4077.0,0.5,0.0,0.0,4077.0,0.8,0.0,-0.2,1
TOTAL FOOD & BEVERAGE ADMIN NON-MANAGEMENT,31484.0,4.1,33005.0,4.1,-1521.0,0.0,33810.0,6.3,-2326.0,-2.2,1
SUBTOTAL: FOOD & BEVERAGE ADMIN SALARIES & WAGES,66313.0,8.6,67834.0,8.3,-1521.0,0.3,50653.0,9.4,15660.0,-0.7,0
SERVICE CHARGES DISTRIBUTED,1875.0,0.2,1875.0,0.2,0.0,0.0,1875.0,0.3,0.0,-0.1,1
TOTAL FOOD & BEVERAGE ADMIN SERVICE CHARGES,1875.0,0.2,1875.0,0.2,0.0,0.0,1875.0,0.3,0.0,-0.1,1
BONUS/INCENTIVES - FOOD AND BEVERAGE ADMIN,1688.0,0.2,1688.0,0.2,0.0,0.0,1481.0,0.3,207.0,-0.1,1
TOTAL FOOD & BEVERAGE ADMIN BONUS,1688.0,0.2,1688.0,0.2,0.0,0.0,1481.0,0.3,207.0,-0.1,1
CONTRACTED/LEASED & OUTSOURCED LABOR,27458.0,3.6,29047.0,3.6,-1589.0,0.0,59289.0,11.0,-31831.0,-7.4,1
TOTAL FOOD & BEVERAGE CONTRACT LABOR,27458.0,3.6,29047.0,3.6,-1589.0,0.0,59289.0,11.0,-31831.0,-7.4,1
"TOTAL FOOD & BEVERAGE ADMIN SALARIES, WAGES, SC, CONTRACT & BONUS",97334.0,12.7,100444.0,12.3,-3110.0,0.3,113298.0,21.0,-15964.0,-8.3,0
PAYROLL TAXES,7300.0,0.9,7533.0,0.9,-233.0,0.0,3476.0,0.6,3824.0,0.3,1
TOTAL FOOD & BEVERAGE ADMIN PAYROLL TAXES,7300.0,0.9,7533.0,0.9,-233.0,0.0,3476.0,0.6,3824.0,0.3,1
SUPPLEMENTAL PAY,623.0,0.1,643.0,0.1,-20.0,0.0,856.0,0.2,-233.0,-0.1,1
PTO PAY,1917.0,0.2,1979.0,0.2,-61.0,0.0,4364.0,0.8,-2447.0,-0.6,1
TOTAL FOOD & BEVERAGE ADMIN SUPPLEMENTAL PAY,2540.0,0.3,2622.0,0.3,-81.0,0.0,5220.0,1.0,-2680.0,-0.6,1
WORKERS COMP,740.0,0.1,763.0,0.1,-24.0,0.0,1101.0,0.2,-362.0,-0.1,1
HEALTH INSURANCE,4692.0,0.6,4841.0,0.6,-150.0,0.0,5776.0,1.1,-1084.0,-0.5,1
401K,428.0,0.1,442.0,0.1,-14.0,0.0,273.0,0.1,155.0,0.0,1
EMPLOYEE MEALS,922.0,0.1,965.0,0.1,-43.0,0.0,483.0,0.1,439.0,0.0,1
EMPLOYEE BENEFITS,36.0,0.0,36.0,0.0,0.0,0.0,25.0,0.0,11.0,0.0,1
TOTAL FOOD & BEVERAGE ADMIN BENEFITS,6817.0,0.9,7048.0,0.9,-231.0,0.0,7658.0,1.4,-841.0,-0.5,1
TOTAL FOOD & BEVERAGE ADMIN TAXES & BENEFITS,16658.0,2.2,17203.0,2.1,-545.0,0.1,16354.0,3.0,303.0,-0.9,1
"TOTAL FOOD & BEVERAGE ADMIN PAYROLL, TAXES & BENEFITS",113992.0,14.8,117647.0,14.5,-3655.0,0.4,129653.0,24.0,-15661.0,-9.2,0
CLEANING SUPPLIES,1105.0,0.1,1172.0,0.1,-67.0,0.0,4463.0,0.8,-3358.0,-0.7,1
COMP FOOD & BEVERAGE,2000.0,0.3,2000.0,0.2,0.0,0.0,1842.0,0.3,158.0,-0.1,1
CONTRACT SERVICES,10250.0,1.3,10250.0,1.3,0.0,0.1,8862.0,1.6,1388.0,-0.3,1
DECORATIONS,1200.0,0.2,1200.0,0.1,0.0,0.0,300.0,0.1,900.0,0.1,1
DISHWASHING SUPPLIES,2210.0,0.3,2343.0,0.3,-134.0,0.0,0.0,0.0,2210.0,0.3,1
DUES & SUBSCRIPTIONS,748.0,0.1,748.0,0.1,0.0,0.0,748.0,0.1,0.0,0.0,1
EMP TRAIN & DEVELOP,350.0,0.0,350.0,0.0,0.0,0.0,0.0,0.0,350.0,0.0,1
EQUIPMENT RENTAL,2949.0,0.4,2949.0,0.4,0.0,0.0,2949.0,0.5,0.0,-0.2,1
KITCHEN FUEL,919.0,0.1,975.0,0.1,-56.0,0.0,196.0,0.0,723.0,0.1,1
LAUNDRY & DRY CLEANING,4411.0,0.6,4102.0,0.5,309.0,0.1,0.0,0.0,4411.0,0.6,1
LAUNDRY ALLOCATION,0.0,0.0,0.0,0.0,0.0,0.0,3348.0,0.6,-3348.0,-0.6,1
LICENSES & PERMITS,484.0,0.1,484.0,0.1,0.0,0.0,484.0,0.1,0.0,0.0,1
MISCELLANEOUS,750.0,0.1,750.0,0.1,0.0,0.0,1291.0,0.2,-541.0,-0.1,1
MUSIC & ENTERTAINMENT,3500.0,0.5,3500.0,0.4,0.0,0.0,5982.0,1.1,-2482.0,-0.7,1
OPERATING SUPPLIES,1839.0,0.2,1951.0,0.2,-111.0,0.0,415.0,0.1,1424.0,0.2,1
PAPER/PLASTICS SUPPLIES,7733.0,1.0,8201.0,1.0,-468.0,0.0,6811.0,1.3,922.0,-0.3,1
PRINTING & STATIONERY,1500.0,0.2,1500.0,0.2,0.0,0.0,268.0,0.0,1232.0,0.1,1
T&E - MEALS,0.0,0.0,0.0,0.0,0.0,0.0,1278.0,0.2,-1278.0,-0.2,1
T&E - OTHER,0.0,0.0,0.0,0.0,0.0,0.0,1314.0,0.2,-1314.0,-0.2,1
UNIFORM CLEANING,300.0,0.0,300.0,0.0,0.0,0.0,1613.0,0.3,-1313.0,-0.3,1
UNIFORM REPLACEMENT,1200.0,0.2,1200.0,0.1,0.0,0.0,1173.0,0.2,27.0,-0.1,1
TOTAL FOOD & BEVERAGE ADMIN OTHER EXPENSES,43448.0,5.6,43973.0,5.4,-526.0,0.2,43337.0,8.0,111.0,-2.4,1
TOTAL FOOD & BEVERAGE ADMIN EXPENSE,146901.0,19.1,150364.0,18.5,-3463.0,0.6,259438.0,48.0,-112537.0,-28.9,0
TOTAL FOOD & BEVERAGE ADMIN PROFIT,-146901.0,-19.1,-150364.0,-18.5,3463.0,-0.6,-259438.0,-48.0,112537.0,28.9,4
BREAKFAST,13702.0,22.1,21995.0,19.7,-8293.0,2.4,18402.0,17.2,-4701.0,4.9,1
LUNCH,12911.0,20.8,23724.0,21.3,-10813.0,-0.4,20179.0,18.9,-7269.0,1.9,1
DINNER,16556.0,26.7,34281.0,30.8,-17725.0,-4.0,20753.0,19.5,-4196.0,7.3,1
TOTAL License to Chill  FOOD,43168.0,69.7,80000.0,71.8,-36832.0,-2.1,59334.0,55.6,-16166.0,14.1,0
LIQUOR,12731.0,20.6,22638.0,20.3,-9907.0,0.2,31921.0,29.9,-19190.0,-9.4,1
BEER,3805.0,6.1,5974.0,5.4,-2169.0,0.8,11081.0,10.4,-7276.0,-4.2,1
WINE,2232.0,3.6,2830.0,2.5,-598.0,1.1,4550.0,4.3,-2319.0,-0.7,1
TOTAL License to Chill  BEVERAGE,18768.0,30.3,31441.0,28.2,-12674.0,2.1,47553.0,44.6,-28785.0,-14.3,1
SERVICE CHARGES,0.0,0.0,0.0,0.0,0.0,0.0,0.0,0.0,0.0,0.0,1
ALLOWANCES,0.0,0.0,0.0,0.0,0.0,0.0,-222.0,-0.2,222.0,0.2,1
OTHER,0.0,0.0,0.0,0.0,0.0,0.0,27.0,0.0,-27.0,0.0,1
TOTAL License to Chill OTHER,0.0,0.0,0.0,0.0,0.0,0.0,-195.0,-0.2,195.0,0.2,1
TOTAL License to Chill  REVENUE,61936.0,100.0,111441.0,100.0,-49505.0,0.0,106693.0,100.0,-44757.0,0.0,0
FOOD,13382.0,31.0,24800.0,31.0,-11418.0,0.0,0.0,0.0,13382.0,31.0,1
LIQUOR,2037.0,16.0,3622.0,16.0,-1585.0,0.0,0.0,0.0,2037.0,16.0,1
BEER,723.0,19.0,1135.0,19.0,-412.0,0.0,0.0,0.0,723.0,19.0,1
WINE,558.0,25.0,707.0,25.0,-149.0,0.0,0.0,0.0,558.0,25.0,1
TOTAL VENUE 1 COST OF SALES,16700.0,27.0,30265.0,27.2,-13564.0,-0.2,0.0,0.0,16700.0,27.0,1
TOTAL VENUE 1 GROSS PROFIT,45236.0,73.0,81177.0,72.8,-35941.0,0.2,106693.0,100.0,-61457.0,-27.0,0
MANAGER,4396.0,7.1,4396.0,3.9,0.0,3.2,4231.0,4.0,165.0,3.1,1
ASSISTANT MANAGER,3288.0,5.3,3288.0,3.0,0.0,2.4,4860.0,4.6,-1572.0,0.8,1
TOTAL VENUE 1 SERVICE MANAGEMENT,7684.0,12.4,7684.0,6.9,0.0,5.5,9091.0,8.5,-1407.0,3.9,1
TOTAL VENUE 1 MANAGEMENT,7684.0,12.4,7684.0,6.9,0.0,5.5,9091.0,8.5,-1407.0,3.9,1
SOUS CHEF,4019.0,6.5,4019.0,3.6,0.0,2.9,0.0,0.0,4019.0,6.5,1
COOKS,5353.0,8.6,9920.0,8.9,-4567.0,-0.3,6494.0,6.1,-1141.0,2.6,1
STEWARDS,31223.0,50.4,57862.0,51.9,-26639.0,-1.5,2062.0,1.9,29160.0,48.5,1
KITCHEN SUPERVISOR,2736.0,4.4,2736.0,2.5,0.0,2.0,8149.0,7.6,-5413.0,-3.2,1
TOTAL VENUE 1 KITCHEN NON-MANAGEMENT,43330.0,70.0,74537.0,66.9,-31206.0,3.1,16705.0,15.7,26626.0,54.3,0
SERVERS,3967.0,6.4,3963.0,3.6,4.0,2.8,2970.0,2.8,997.0,3.6,1
BUSSERS,1346.0,2.2,1707.0,1.5,-361.0,0.6,85.0,0.1,1261.0,2.1,1
BARTENDERS,2935.0,4.7,3213.0,2.9,-279.0,1.9,4384.0,4.1,-1449.0,0.6,1
BARBACKS,1817.0,2.9,1989.0,1.8,-172.0,1.1,1241.0,1.2,576.0,1.8,1
HOSTS,2489.0,4.0,2725.0,2.4,-236.0,1.6,1941.0,1.8,548.0,2.2,1
SUPERVISOR,2508.0,4.0,2508.0,2.3,0.0,1.8,2085.0,2.0,423.0,2.1,1
TOTAL VENUE 1 VENUE NON-MANAGEMENT,15062.0,24.3,16106.0,14.5,-1044.0,9.9,12706.0,11.9,2357.0,12.4,1
TOTAL VENUE 1 NON-MANAGEMENT,58393.0,94.3,90643.0,81.3,-32250.0,12.9,29410.0,27.6,28982.0,66.7,0
SUBTOTAL: VENUE 1 SALARIES & WAGES,66076.0,106.7,98326.0,88.2,-32250.0,18.5,38501.0,36.1,27575.0,70.6,0
CONTRACTED/LEASED & OUTSOURCED LABOR,0.0,0.0,0.0,0.0,0.0,0.0,0.0,0.0,0.0,0.0,1
TOTAL VENUE 1 CONTRACT LABOR,0.0,0.0,0.0,0.0,0.0,0.0,0.0,0.0,0.0,0.0,1
"TOTAL VENUE 1 SALARIES, WAGES, SC, CONTRACT & BONUS",66076.0,106.7,98326.0,88.2,-32250.0,18.5,38501.0,36.1,27575.0,70.6,0
PAYROLL TAXES,4956.0,8.0,7374.0,6.6,-2419.0,1.4,3548.0,3.3,1408.0,4.7,1
TOTAL VENUE 1 TAXES,4956.0,8.0,7374.0,6.6,-2419.0,1.4,3548.0,3.3,1408.0,4.7,1
SUPPLEMENTAL PAY,370.0,0.0,551.0,0.0,-181.0,0.0,88.0,0.0,282.0,0.0,1
PTO PAY,2068.0,3.3,3078.0,2.8,-1009.0,0.6,1601.0,1.5,467.0,1.8,1
TOTAL VENUE 1 SUPPLEMENTAL PAY,2438.0,3.9,3628.0,3.3,-1190.0,0.7,1689.0,1.6,749.0,2.4,1
WORKERS COMP,879.0,1.4,1308.0,1.2,-429.0,0.2,1084.0,1.0,-205.0,0.4,1
HEALTH INSURANCE,4467.0,7.2,6647.0,6.0,-2180.0,1.2,6627.0,6.2,-2161.0,1.0,1
401K,20.0,0.0,29.0,0.0,-10.0,0.0,52.0,0.0,-32.0,0.0,1
EMPLOYEE MEALS,1289.0,2.1,1891.0,1.7,-602.0,0.4,323.0,0.3,966.0,1.8,1
EMPLOYEE BENEFITS,30.0,0.0,30.0,0.0,0.0,0.0,24.0,0.0,7.0,0.0,1
TOTAL VENUE 1 BENEFITS,6685.0,10.8,9905.0,8.9,-3221.0,1.9,8109.0,7.6,-1424.0,3.2,1
TOTAL VENUE 1 PAYROLL RELATED,14079.0,22.7,20908.0,18.8,-6829.0,4.0,13346.0,12.5,733.0,10.2,1
TOTAL VENUE 1 LABOR & RELATED,80155.0,129.4,119234.0,107.0,-39079.0,22.4,51847.0,48.6,28308.0,80.8,0
DUES & SUBSCRIPTIONS,0.0,0.0,0.0,0.0,0.0,0.0,0.0,0.0,0.0,0.0,1
TOTAL License to Chill  EXPENSE,96855.0,156.4,149499.0,134.2,-52644.0,22.2,51847.0,48.6,45008.0,107.8,0
TOTAL License to Chill  PROFIT,-34919.0,-56.4,-38057.0,-34.2,3138.0,-22.2,54846.0,51.4,-89765.0,-107.8,1
BREAKFAST,0.0,0.0,0.0,0.0,0.0,0.0,-8.0,0.0,8.0,0.0,1
LUNCH,29349.0,26.5,28154.0,24.3,1196.0,2.2,19404.0,19.8,9946.0,6.7,1
DINNER,41280.0,37.3,45934.0,39.7,-4655.0,-2.4,34746.0,35.5,6534.0,1.8,1
TOTAL Landshark FOOD,70629.0,63.8,74088.0,64.0,-3459.0,-0.2,54142.0,55.3,16488.0,8.5,0
LIQUOR,27448.0,24.8,28732.0,24.8,-1284.0,0.0,29447.0,30.1,-1999.0,-5.3,1
BEER,9289.0,8.4,9840.0,8.5,-551.0,-0.1,12476.0,12.7,-3187.0,-4.3,1
WINE,1118.0,1.0,787.0,0.7,331.0,0.3,1413.0,1.4,-295.0,-0.4,1
TOTAL Landshark BEVERAGE,37856.0,34.2,39359.0,34.0,-1504.0,0.2,43336.0,44.2,-5480.0,-10.0,1
ALLOWANCES,0.0,0.0,0.0,0.0,0.0,0.0,0.0,0.0,0.0,0.0,1
OTHER,2213.0,2.0,2314.0,2.0,-101.0,0.0,488.0,0.5,1725.0,1.5,1
TOTAL Landshark OTHER,2213.0,2.0,2314.0,2.0,-101.0,0.0,488.0,0.5,1725.0,1.5,1
TOTAL Landshark REVENUE,110698.0,100.0,115762.0,100.0,-5064.0,0.0,97965.0,100.0,12733.0,0.0,0
FOOD,20129.0,28.5,21115.0,28.5,-986.0,0.0,18102.0,33.4,2027.0,-4.9,1
LIQUOR,4117.0,15.0,4310.0,15.0,-193.0,0.0,6016.0,20.4,-1899.0,-5.4,1
BEER,1672.0,18.0,1771.0,18.0,-99.0,0.0,3100.0,24.8,-1428.0,-6.8,1
WINE,240.0,21.5,169.0,21.5,71.0,0.0,161.0,11.4,80.0,10.1,1
OTHER,1107.0,1.0,1157.0,1.0,-51.0,0.0,-1477.0,-1.5,2584.0,2.5,1
TOTAL VENUE 2 COST OF SALES,27266.0,24.6,28523.0,24.6,-1257.0,0.0,25901.0,26.4,1365.0,-1.8,1
TOTAL VENUE 2 GROSS PROFIT,83432.0,75.4,87239.0,75.4,-3807.0,0.0,72064.0,73.6,11368.0,1.8,0
MANAGER,4964.0,4.5,4964.0,4.3,0.0,0.2,5705.0,5.8,-741.0,-1.3,1
ASSISTANT MANAGER,6610.0,6.0,6610.0,5.7,0.0,0.3,2452.0,2.5,4158.0,3.5,1
TOTAL VENUE 2 SERVICE MANAGEMENT,11574.0,10.5,11574.0,10.0,0.0,0.5,8157.0,8.3,3418.0,2.1,1
TOTAL VENUE 2 MANAGEMENT,11574.0,10.5,11574.0,10.0,0.0,0.5,8157.0,8.3,3418.0,2.1,1
SOUS CHEF,3572.0,3.2,3572.0,3.1,0.0,0.1,2057.0,2.1,1515.0,1.1,1
COOKS,10948.0,9.9,11484.0,9.9,-536.0,0.0,6604.0,6.7,4343.0,3.1,1
STEWARDS,4801.0,4.3,5037.0,4.4,-235.0,0.0,0.0,0.0,4801.0,4.3,1
KITCHEN SUPERVISOR,4760.0,4.3,4760.0,4.1,0.0,0.2,1859.0,1.9,2901.0,2.4,1
TOTAL VENUE 2 KITCHEN NON-MANAGEMENT,24081.0,21.8,24852.0,21.5,-771.0,0.3,10520.0,10.7,13561.0,11.0,1
SERVERS,3321.0,3.0,3473.0,3.0,-152.0,0.0,2662.0,2.7,659.0,0.3,1
BUSSERS,2823.0,2.5,2952.0,2.6,-129.0,0.0,3078.0,3.1,-255.0,-0.6,1
RUNNERS,2823.0,2.5,2952.0,2.6,-129.0,0.0,0.0,0.0,2823.0,2.5,1
BARTENDERS,4018.0,3.6,4202.0,3.6,-184.0,0.0,3143.0,3.2,875.0,0.4,1
BARBACKS,2823.0,2.5,2952.0,2.6,-129.0,0.0,0.0,0.0,2823.0,2.5,1
HOSTS,5845.0,5.3,6112.0,5.3,-267.0,0.0,2547.0,2.6,3298.0,2.7,1
SUPERVISOR,4932.0,4.5,5157.0,4.5,-226.0,0.0,1898.0,1.9,3034.0,2.5,1
TOTAL VENUE 2 VENUE NON-MANAGEMENT,26584.0,24.0,27800.0,24.0,-1216.0,0.0,13328.0,13.6,13256.0,10.4,1
TOTAL VENUE 2 NON-MANAGEMENT,50665.0,0.0,52652.0,0.0,-1987.0,0.0,23848.0,0.0,26817.0,0.0,1
SUBTOTAL: VENUE 2 VENUE SALARIES & WAGES,62239.0,56.2,64227.0,55.5,-1987.0,0.7,32005.0,32.7,30235.0,23.6,0
CONTRACTED/LEASED & OUTSOURCED LABOR,4026.0,3.6,4223.0,3.6,-197.0,0.0,0.0,0.0,4026.0,3.6,1
TOTAL VENUE 2 CONTRACT LABOR,4026.0,3.6,4223.0,3.6,-197.0,0.0,0.0,0.0,4026.0,3.6,1
"TOTAL VENUE 2 SALARIES, WAGES, SC, CONTRACT & BONUS",66265.0,59.9,68450.0,59.1,-2185.0,0.7,32005.0,32.7,34260.0,27.2,0
PAYROLL TAXES,4970.0,4.5,5134.0,4.4,-164.0,0.1,3487.0,3.6,1483.0,0.9,1
TOTAL VENUE 2 TAXES,4970.0,4.5,5134.0,4.4,-164.0,0.1,3487.0,3.6,1483.0,0.9,1
SUPPLEMENTAL PAY,0.0,0.0,0.0,0.0,0.0,0.0,0.0,0.0,0.0,0.0,1
PTO PAY,1272.0,1.1,1314.0,1.1,-42.0,0.0,1183.0,1.2,89.0,-0.1,1
TOTAL VENUE 2 SUPPLEMENTAL PAY,1272.0,1.1,1314.0,1.1,-42.0,0.0,1183.0,1.2,89.0,-0.1,1
WORKERS COMP,1425.0,1.3,1472.0,1.3,-47.0,0.0,1675.0,1.7,-250.0,-0.4,1
HEALTH INSURANCE,4924.0,4.4,5086.0,4.4,-162.0,0.1,5663.0,5.8,-739.0,-1.3,1
401K,199.0,0.2,205.0,0.2,-7.0,0.0,200.0,0.2,-1.0,0.0,1
EMPLOYEE MEALS,1338.0,1.2,1390.0,1.2,-52.0,0.0,295.0,0.3,1042.0,0.9,1
EMPLOYEE BENEFITS,30.0,0.0,30.0,0.0,0.0,0.0,28.0,0.0,2.0,0.0,1
TOTAL VENUE 2 BENEFITS,7915.0,7.1,8183.0,7.1,-268.0,0.1,7860.0,8.0,54.0,-0.9,1
TOTAL VENUE 2 PAYROLL RELATED,14157.0,12.8,14631.0,12.6,-474.0,0.2,12531.0,12.8,1626.0,0.0,1
TOTAL VENUE 2 LABOR & RELATED,80422.0,72.7,83081.0,71.8,-2658.0,0.9,44536.0,45.5,35887.0,27.2,0
DUES & SUBSCRIPTIONS,0.0,0.0,0.0,0.0,0.0,0.0,0.0,0.0,0.0,0.0,1
MUSIC/ENTERTAINMENT,3500.0,3.2,3500.0,3.0,0.0,0.1,6100.0,6.2,-2600.0,-3.1,1
TOTAL Landshark OTHER EXPENSES,3500.0,3.2,3500.0,3.0,0.0,0.1,6100.0,6.2,-2600.0,-3.1,1
TOTALLandshark EXPENSE,111188.0,100.4,115103.0,99.4,-3915.0,1.0,76537.0,78.1,34651.0,22.3,0
TOTAL Landshark PROFIT,-490.0,-0.4,659.0,0.6,-1149.0,-1.0,21428.0,21.9,-21918.0,-22.3,1
BREAKFAST,15554.0,37.3,19721.0,37.3,-4167.0,0.0,14281.0,40.5,1274.0,-3.2,1
LUNCH,13443.0,32.2,17045.0,32.2,-3602.0,0.0,12677.0,36.0,766.0,-3.7,1
DINNER,7974.0,19.1,10111.0,19.1,-2137.0,0.0,3891.0,11.0,4083.0,8.1,1
TOTALJoe Merchant  FOOD,36972.0,88.6,46877.0,88.6,-9906.0,0.0,30849.0,87.5,6123.0,1.1,1
BEER,1392.0,3.3,1765.0,3.3,-373.0,0.0,1277.0,3.6,115.0,-0.3,1
WINE,945.0,2.3,1198.0,2.3,-253.0,0.0,1169.0,3.3,-224.0,-1.1,1
TOTAL Joe Merchant  BEVERAGE,2337.0,5.6,2963.0,5.6,-626.0,0.0,2446.0,6.9,-109.0,-1.3,1
ALLOWANCES,0.0,0.0,0.0,0.0,0.0,0.0,0.0,0.0,0.0,0.0,1
OTHER,2422.0,5.8,3070.0,5.8,-649.0,0.0,1936.0,5.5,486.0,0.3,1
DISCOUNTS,0.0,0.0,0.0,0.0,0.0,0.0,28.0,0.1,-28.0,-0.1,1
TOTAL Joe Merchant OTHER,2422.0,5.8,3070.0,5.8,-649.0,0.0,1963.0,5.6,458.0,0.2,1
TOTAL Joe Merchant REVENUE,41730.0,100.0,52911.0,100.0,-11181.0,0.0,35258.0,100.0,6472.0,0.0,1
FOOD,11092.0,30.0,14063.0,30.0,-2972.0,0.0,0.0,0.0,11092.0,30.0,1
BEER,348.0,25.0,441.0,25.0,-93.0,0.0,0.0,0.0,348.0,25.0,1
OTHER,1090.0,2.6,1382.0,2.6,-292.0,0.0,0.0,0.0,1090.0,2.6,1
TOTAL VENUE 3 COST OF SALES,12529.0,30.0,15886.0,30.0,-3357.0,0.0,0.0,0.0,12529.0,30.0,1
TOTAL VENUE 3 GROSS PROFIT,29201.0,70.0,37025.0,70.0,-7824.0,0.0,35258.0,100.0,-6057.0,-30.0,1
MANAGER,0.0,0.0,0.0,0.0,0.0,0.0,0.0,0.0,0.0,0.0,1
TOTAL VENUE 3 SERVICE MANAGEMENT,0.0,0.0,0.0,0.0,0.0,0.0,0.0,0.0,0.0,0.0,1
TOTAL VENUE 3 MANAGEMENT,0.0,0.0,0.0,0.0,0.0,0.0,0.0,0.0,0.0,0.0,1
COOKS,8596.0,20.6,10899.0,20.6,-2303.0,0.0,4592.0,13.0,4004.0,7.6,1
STEWARDS,0.0,0.0,0.0,0.0,0.0,0.0,0.0,0.0,0.0,0.0,1
TOTAL VENUE 3 KITCHEN NON-MANAGEMENT,8596.0,20.6,10899.0,20.6,-2303.0,0.0,4592.0,13.0,4004.0,7.6,1
CASHIERS,7857.0,18.8,9961.0,18.8,-2105.0,0.0,7798.0,22.1,59.0,-3.3,1
SUPERVISOR,2432.0,5.8,2432.0,4.6,0.0,1.2,1136.0,3.2,1296.0,2.6,1
TOTAL VENUE 3 SERVICE NON-MANAGEMENT,10289.0,24.7,12393.0,23.4,-2105.0,1.2,8934.0,25.3,1355.0,-0.7,1
TOTAL VENUE 3 NON-MANAGEMENT,18884.0,45.3,23292.0,44.0,-4408.0,1.2,13526.0,38.4,5359.0,6.9,1
SUBTOTAL: VENUE 3 SALARIES & WAGES,18884.0,45.3,23292.0,44.0,-4408.0,1.2,13526.0,38.4,5359.0,6.9,1
CONTRACTED/LEASED & OUTSOURCED LABOR,1586.0,3.8,2011.0,3.8,-425.0,0.0,0.0,0.0,1586.0,3.8,1
TOTAL VENUE 3 CONTRACT LABOR,1586.0,3.8,2011.0,3.8,-425.0,0.0,0.0,0.0,1586.0,3.8,1
"TOTAL VENUE 3 SALARIES, WAGES, SC, CONTRACT & BONUS",20471.0,49.1,25304.0,47.8,-4833.0,1.2,13526.0,38.4,6945.0,10.7,1
PAYROLL TAXES,1535.0,3.7,1898.0,3.6,-362.0,0.1,548.0,1.6,988.0,2.1,1
TOTAL VENUE 3 TAXES,1535.0,3.7,1898.0,3.6,-362.0,0.1,548.0,1.6,988.0,2.1,1
SUPPLEMENTAL PAY,63.0,0.0,78.0,0.0,-15.0,0.0,0.0,0.0,63.0,0.0,1
PTO PAY,278.0,0.7,344.0,0.7,-66.0,0.0,573.0,1.6,-295.0,-1.0,1
TOTAL VENUE 3 SUPPLEMENTAL PAY,342.0,0.8,423.0,0.8,-81.0,0.0,573.0,1.6,-232.0,-0.8,1
WORKERS COMP,244.0,0.6,301.0,0.6,-58.0,0.0,426.0,1.2,-182.0,-0.6,1
HEALTH INSURANCE,500.0,1.2,500.0,0.9,0.0,0.3,862.0,2.4,-362.0,-1.2,1
EMPLOYEE MEALS,354.0,0.8,439.0,0.8,-85.0,0.0,145.0,0.4,209.0,0.4,1
EMPLOYEE BENEFITS,4.0,0.0,4.0,0.0,0.0,0.0,4.0,0.0,0.0,0.0,1
TOTAL VENUE 3 BENEFITS,1102.0,2.6,1244.0,2.4,-142.0,0.3,1437.0,4.1,-335.0,-1.4,1
TOTAL VENUE 3 PAYROLL RELATED,2979.0,7.1,3564.0,6.7,-585.0,0.4,2558.0,7.3,421.0,-0.1,1
TOTAL VENUE 3 LABOR & RELATED,23450.0,56.2,28868.0,54.6,-5418.0,1.6,16084.0,45.6,7366.0,10.6,1
TOTAL Joe Merchant  EXPENSE,35979.0,86.2,44754.0,84.6,-8775.0,1.6,16084.0,45.6,19895.0,40.6,1
TOTAL Joe Merchant  PROFIT,5751.0,13.8,8157.0,15.4,-2405.0,-1.6,19174.0,54.4,-13422.0,-40.6,1
MANAGER,3654.0,0.0,3654.0,0.0,0.0,0.0,0.0,0.0,3654.0,0.0,1
TOTAL VENUE 4 SERVICE MANAGEMENT,3654.0,0.0,3654.0,0.0,0.0,0.0,0.0,0.0,3654.0,0.0,1
TOTAL VENUE 4 MANAGEMENT,3654.0,0.0,3654.0,0.0,0.0,0.0,0.0,0.0,3654.0,0.0,1
SERVERS,0.0,0.0,0.0,0.0,0.0,0.0,1845.0,0.0,-1845.0,0.0,1
BUSSERS,0.0,0.0,0.0,0.0,0.0,0.0,930.0,0.0,-930.0,0.0,1
BARTENDERS,0.0,0.0,0.0,0.0,0.0,0.0,925.0,0.0,-925.0,0.0,1
BARBACKS,0.0,0.0,0.0,0.0,0.0,0.0,0.0,0.0,0.0,0.0,1
TOTAL VENUE 4 VENUE NON-MANAGEMENT,0.0,0.0,0.0,0.0,0.0,0.0,3700.0,0.0,-3700.0,0.0,1
TOTAL VENUE 4 NON-MANAGEMENT,0.0,0.0,0.0,0.0,0.0,0.0,3700.0,0.0,-3700.0,0.0,1
SUBTOTAL: VENUE 4 SALARIES & WAGES,3654.0,0.0,3654.0,0.0,0.0,0.0,3700.0,0.0,-46.0,0.0,1
"TOTAL VENUE 4 SALARIES, WAGES, SC, CONTRACT & BONUS",3654.0,0.0,3654.0,0.0,0.0,0.0,3700.0,0.0,-46.0,0.0,1
PAYROLL TAXES,274.0,0.0,274.0,0.0,0.0,0.0,99.0,0.0,175.0,0.0,1
TOTAL VENUE 4 TAXES,274.0,0.0,274.0,0.0,0.0,0.0,99.0,0.0,175.0,0.0,1
SUPPLEMENTAL PAY,0.0,0.0,0.0,0.0,0.0,0.0,0.0,0.0,0.0,0.0,1
PTO PAY,536.0,0.0,536.0,0.0,0.0,0.0,536.0,0.0,0.0,0.0,1
TOTAL VENUE 4 SUPPLEMENTAL PAY,536.0,0.0,536.0,0.0,0.0,0.0,536.0,0.0,0.0,0.0,1
WORKERS COMP,438.0,0.0,438.0,0.0,0.0,0.0,438.0,0.0,0.0,0.0,1
HEALTH INSURANCE,202.0,0.0,202.0,0.0,0.0,0.0,202.0,0.0,0.0,0.0,1
EMPLOYEE MEALS,90.0,0.0,90.0,0.0,0.0,0.0,90.0,0.0,0.0,0.0,1
EMPLOYEE BENEFITS,1.0,0.0,1.0,0.0,0.0,0.0,1.0,0.0,0.0,0.0,1
TOTAL VENUE 4 TAXES,730.0,0.0,730.0,0.0,0.0,0.0,730.0,0.0,0.0,0.0,1
TOTAL VENUE 4 PAYROLL RELATED,1540.0,0.0,1540.0,0.0,0.0,0.0,1365.0,0.0,175.0,0.0,1
TOTAL VENUE 4 LABOR & RELATED,5194.0,0.0,5194.0,0.0,0.0,0.0,5065.0,0.0,129.0,0.0,1
TOTAL Lone Palm EXPENSE,5194.0,0.0,5194.0,0.0,0.0,0.0,5065.0,0.0,129.0,0.0,1
TOTAL Lone Palm PROFIT,-5194.0,0.0,-5194.0,0.0,0.0,0.0,-5065.0,0.0,-129.0,0.0,1
BREAKFAST,400.0,6.6,507.0,6.6,-107.0,0.0,252.0,3.5,148.0,3.1,1
LUNCH,1062.0,17.6,1347.0,17.6,-285.0,0.0,1604.0,22.5,-542.0,-5.0,1
DINNER,0.0,0.0,0.0,0.0,0.0,0.0,-24.0,-0.3,24.0,0.3,1
TOTAL Playin a Round Café  FOOD,1463.0,24.2,1854.0,24.2,-392.0,0.0,1832.0,25.7,-370.0,-1.6,1
LIQUOR,1375.0,22.7,1744.0,22.7,-368.0,0.0,1351.0,19.0,25.0,3.8,1
BEER,2751.0,45.5,3487.0,45.5,-737.0,0.0,3725.0,52.3,-974.0,-6.9,1
WINE,458.0,7.6,581.0,7.6,-123.0,0.0,15.0,0.2,443.0,7.4,1
TOTAL Playin a Round Café  BEVERAGE,4584.0,75.8,5812.0,75.8,-1228.0,0.0,5090.0,71.5,-506.0,4.3,1
OTHER,0.0,0.0,0.0,0.0,0.0,0.0,193.0,2.7,-193.0,-2.7,1
TOTAL Playin a Round Cafe OTHER,0.0,0.0,0.0,0.0,0.0,0.0,193.0,2.7,-193.0,-2.7,1
TOTAL Playin a Round Café REVENUE,6047.0,100.0,7667.0,100.0,-1620.0,0.0,7115.0,100.0,-1069.0,0.0,1
FOOD,439.0,30.0,556.0,30.0,-118.0,0.0,0.0,0.0,439.0,30.0,1
LIQUOR,241.0,17.5,305.0,17.5,-64.0,0.0,0.0,0.0,241.0,17.5,1
BEER,523.0,19.0,663.0,19.0,-140.0,0.0,0.0,0.0,523.0,19.0,1
WINE,115.0,25.0,145.0,25.0,-31.0,0.0,0.0,0.0,115.0,25.0,1
TOTAL VENUE 6 COST OF SALES,1317.0,21.8,1669.0,21.8,-353.0,0.0,0.0,0.0,1317.0,21.8,1
TOTAL VENUE 6 GROSS PROFIT,4730.0,78.2,5997.0,78.2,-1267.0,0.0,7115.0,100.0,-2385.0,-21.8,1
COOKS,454.0,7.5,575.0,7.5,-122.0,0.0,1363.0,19.2,-910.0,-11.7,1
TOTAL VENUE 6 KITCHEN NON-MANAGEMEN,454.0,7.5,575.0,7.5,-122.0,0.0,1363.0,19.2,-910.0,-11.7,1
BARTENDERS,784.0,13.0,994.0,13.0,-210.0,0.0,1322.0,18.6,-539.0,-5.6,1
TOTAL VENUE 6 VENUE NON-MANAGEMENT,784.0,13.0,994.0,13.0,-210.0,0.0,1322.0,18.6,-539.0,-5.6,1
TOTAL VENUE 6 NON-MANAGEMENT,1237.0,20.5,1569.0,20.5,-332.0,0.0,2686.0,37.7,-1448.0,-17.3,1
SUBTOTAL: VENUE 6 SALARIES & WAGES,1237.0,20.5,1569.0,20.5,-332.0,0.0,2686.0,37.7,-1448.0,-17.3,1
"TOTAL VENUE 6   SALARIES, WAGES, SC, CONTRACT & BONUS",1237.0,20.5,1569.0,20.5,-332.0,0.0,2686.0,37.7,-1448.0,-17.3,1
PAYROLL TAXES,93.0,1.5,118.0,1.5,-25.0,0.0,168.0,2.4,-75.0,-0.8,1
TOTAL VENUE 6 TAXES,93.0,1.5,118.0,1.5,-25.0,0.0,168.0,2.4,-75.0,-0.8,1
WORKERS COMP,31.0,0.5,39.0,0.5,-8.0,0.0,206.0,2.9,-176.0,-2.4,1
HEALTH INSURANCE,125.0,2.1,125.0,1.6,0.0,0.4,28.0,0.4,97.0,1.7,1
401K,0.0,0.0,0.0,0.0,0.0,0.0,0.0,0.0,0.0,0.0,1
EMPLOYEE MEALS,29.0,0.5,37.0,0.5,-8.0,0.0,72.0,1.0,-43.0,-0.5,1
EMPLOYEE BENEFITS,0.0,0.0,0.0,0.0,0.0,0.0,0.0,0.0,0.0,0.0,1
TOTAL VENUE 6 BENEFITS,185.0,3.1,201.0,2.6,-16.0,0.4,306.0,4.3,-121.0,-1.2,1
TOTAL VENUE 6 PAYROLL RELATED,278.0,4.6,319.0,4.2,-41.0,0.4,474.0,6.7,-197.0,-2.1,1
TOTAL VENUE 6 LABOR & RELATED,1515.0,25.1,1888.0,24.6,-372.0,0.4,3160.0,44.4,-1645.0,-19.4,1
TOTAL Playin a Round Café  EXPENSE,2832.0,46.8,3557.0,46.4,-725.0,0.4,3160.0,44.4,-328.0,2.4,1
TOTAL Playin a Round Café  PROFIT,3215.0,53.2,4110.0,53.6,-895.0,-0.4,3955.0,55.6,-740.0,-2.4,1
LUNCH,0.0,0.0,0.0,0.0,0.0,0.0,147.0,0.2,-147.0,-0.2,1
DINNER,10135.0,18.9,12851.0,20.2,-2715.0,-1.3,23892.0,34.0,-13757.0,-15.1,1
TOTAL BoathouseFOOD,10135.0,18.9,12851.0,20.2,-2715.0,-1.3,24039.0,34.2,-13904.0,-15.3,1
LIQUOR,27440.0,51.3,34825.0,54.7,-7385.0,-3.5,30132.0,42.9,-2693.0,8.3,1
BEER,11608.0,21.7,11608.0,18.2,0.0,3.4,11079.0,15.8,529.0,5.9,1
WINE,2322.0,4.3,2322.0,3.6,0.0,0.7,3111.0,4.4,-789.0,-0.1,1
TOTAL Boathouse BEVERAGE,41370.0,77.3,48755.0,76.6,-7385.0,0.7,44322.0,63.1,-2953.0,14.1,1
ALLOWANCES,0.0,0.0,0.0,0.0,0.0,0.0,0.0,0.0,0.0,0.0,1
OTHER,2024.0,3.8,2024.0,3.2,0.0,0.6,1840.0,2.6,184.0,1.2,1
TOTAL Boathouse OTHER,2024.0,3.8,2024.0,3.2,0.0,0.6,1840.0,2.6,184.0,1.2,1
TOTAL Boathouse REVENUE,53529.0,100.0,63630.0,100.0,-10101.0,0.0,70201.0,100.0,-16672.0,0.0,0
FOOD,3243.0,32.0,4112.0,32.0,-869.0,0.0,0.0,0.0,3243.0,32.0,1
EMPLOYEE MEALS,184.0,1.8,184.0,1.4,0.0,0.4,0.0,0.0,184.0,1.8,1
LIQUOR,4116.0,15.0,5224.0,15.0,-1108.0,0.0,0.0,0.0,4116.0,15.0,1
BEER,2206.0,19.0,2206.0,19.0,0.0,0.0,0.0,0.0,2206.0,19.0,1
WINE,581.0,25.0,581.0,25.0,0.0,0.0,0.0,0.0,581.0,25.0,1
TOTAL Boathouse COST OF SALES,10329.0,19.3,12306.0,19.3,-1977.0,0.0,0.0,0.0,10329.0,19.3,1
TOTAL Boathouse GROSS PROFIT,43200.0,80.7,51324.0,80.7,-8124.0,0.0,70201.0,100.0,-27001.0,-19.3,1
MANAGER,3507.0,6.6,3507.0,5.5,0.0,1.0,3923.0,5.6,-416.0,1.0,1
TOTAL Boathouse MANAGEMENT,3507.0,6.6,3507.0,5.5,0.0,1.0,3923.0,5.6,-416.0,1.0,1
COOKS,1740.0,3.3,1740.0,2.7,0.0,0.5,0.0,0.0,1740.0,3.3,1
TOTAL Boathouse KITCHEN NON-MANAGEMENT,1740.0,3.3,1740.0,2.7,0.0,0.5,0.0,0.0,1740.0,3.3,1
SERVERS,734.0,1.4,734.0,1.2,0.0,0.2,0.0,0.0,734.0,1.4,1
BARTENDERS,1980.0,3.7,1980.0,3.1,0.0,0.6,1362.0,1.9,618.0,1.8,1
BARBACKS,1000.0,1.9,1000.0,1.6,0.0,0.3,843.0,1.2,156.0,0.7,1
SUPERVISOR,0.0,0.0,0.0,0.0,0.0,0.0,1765.0,2.5,-1765.0,-2.5,1
TOTAL Boathouse NON-MANAGEMENT,5454.0,10.2,5454.0,8.6,0.0,1.6,3970.0,5.7,1484.0,4.5,1
SUBTOTAL: Boathouse SALARIES & WAGES,8961.0,16.7,8961.0,14.1,0.0,2.7,7894.0,11.2,1067.0,5.5,1
"TOTAL Boathouse  SALARIES, WAGES, SC, CONTRACT & B",8961.0,16.7,8961.0,14.1,0.0,2.7,7894.0,11.2,1067.0,5.5,1
PAYROLL TAXES,672.0,1.3,672.0,1.1,0.0,0.2,1116.0,1.6,-444.0,-0.3,1
TOTAL VENUE 7 TAXES,672.0,1.3,672.0,1.1,0.0,0.2,1116.0,1.6,-444.0,-0.3,1
SUPPLEMENTAL PAY,0.0,0.0,0.0,0.0,0.0,0.0,0.0,0.0,0.0,0.0,1
PTO PAY,163.0,0.3,163.0,0.3,0.0,0.0,143.0,0.2,21.0,0.1,1
TOTAL Boathouse SUPPLEMENTAL PAY,163.0,0.3,163.0,0.3,0.0,0.0,143.0,0.2,21.0,0.1,1
WORKERS COMP,206.0,0.4,206.0,0.3,0.0,0.1,434.0,0.6,-228.0,-0.2,1
HEALTH INSURANCE,832.0,1.6,832.0,1.3,0.0,0.2,832.0,1.2,0.0,0.4,1
401K,0.0,0.0,0.0,0.0,0.0,0.0,0.0,0.0,0.0,0.0,1
EMPLOYEE MEALS,184.0,0.3,184.0,0.3,0.0,0.1,0.0,0.0,184.0,0.3,1
EMPLOYEE BENEFITS,2.0,0.0,2.0,0.0,0.0,0.0,2.0,0.0,0.0,0.0,1
TOTAL Boathouse BENEFITS,1224.0,2.3,1224.0,1.9,0.0,0.4,1268.0,1.8,-44.0,0.5,1
TOTAL Boathouse LABOR & RELATED,11020.0,20.6,11020.0,17.3,0.0,3.3,10420.0,14.8,600.0,5.7,1
DUES & SUBSCRIPTIONS,427.0,0.8,427.0,0.7,0.0,0.1,427.0,0.6,0.0,0.2,1
TOTAL Boathouse EXPENSE,21776.0,40.7,23752.0,37.3,-1977.0,3.4,10847.0,15.5,10929.0,25.2,1
TOTAL Boathouse PROFIT,31753.0,59.3,39877.0,62.7,-8124.0,-3.4,59354.0,84.5,-27601.0,-25.2,1
BREAKFAST,4012.0,78.6,5086.0,78.6,-1075.0,0.0,3997.0,67.4,14.0,11.1,1
LUNCH,0.0,0.0,0.0,0.0,0.0,0.0,199.0,3.4,-199.0,-3.4,1
TOTAL Waterside Cove FOOD,4012.0,78.6,5086.0,78.6,-1075.0,0.0,4197.0,70.8,-185.0,7.7,1
LIQUOR,94.0,1.8,119.0,1.8,-25.0,0.0,450.0,7.6,-356.0,-5.8,1
BEER,54.0,1.1,68.0,1.1,-14.0,0.0,20.0,0.3,34.0,0.7,1
WINE,4.0,0.1,6.0,0.1,-1.0,0.0,0.0,0.0,4.0,0.1,1
TOTAL Waterside Cove BEVERAGE,152.0,3.0,193.0,3.0,-41.0,0.0,470.0,7.9,-317.0,-4.9,1
SERVICE CHARGES,943.0,18.5,1196.0,18.5,-253.0,0.0,1261.0,21.3,-318.0,-2.8,1
TOTAL Waterside Cove OTHER,943.0,18.5,1196.0,18.5,-253.0,0.0,1261.0,21.3,-318.0,-2.8,1
TOTAL Waterside Cove REVENUE,5107.0,100.0,6475.0,100.0,-1368.0,0.0,5927.0,100.0,-820.0,0.0,1
FOOD,1203.0,30.0,1526.0,30.0,-322.0,0.0,0.0,0.0,1203.0,30.0,1
LIQUOR,15.0,16.0,19.0,16.0,-4.0,0.0,0.0,0.0,15.0,16.0,1
BEER,10.0,19.0,13.0,19.0,-3.0,0.0,0.0,0.0,10.0,19.0,1
WINE,1.0,25.0,1.0,25.0,0.0,0.0,0.0,0.0,1.0,25.0,1
TOTAL VENUE 8 COST OF SALES,1230.0,24.1,1559.0,24.1,-329.0,0.0,0.0,0.0,1230.0,24.1,1
TOTAL VENUE 8 GROSS PROFIT,3877.0,75.9,4916.0,75.9,-1039.0,0.0,5927.0,100.0,-2050.0,-24.1,1
CASHIERS,0.0,0.0,0.0,0.0,0.0,0.0,0.0,0.0,0.0,0.0,1
BARTENDERS,178.0,3.5,178.0,2.7,0.0,0.7,178.0,3.0,0.0,0.5,1
TOTAL VENUE 8 VENUE NON-MANAGEMENT,178.0,3.5,178.0,2.7,0.0,0.7,178.0,3.0,0.0,0.5,1
TOTAL VENUE 8 NON-MANAGEMENT,178.0,3.5,178.0,2.7,0.0,0.7,178.0,3.0,0.0,0.5,1
SUBTOTAL: VENUE 8 SALARIES & WAGES,178.0,3.5,178.0,2.7,0.0,0.7,178.0,3.0,0.0,0.5,1
CONTRACTED/LEASED & OUTSOURCED LABOR,0.0,0.0,0.0,0.0,0.0,0.0,0.0,0.0,0.0,0.0,1
TOTAL VENUE 8 CONTRACT LABOR,0.0,0.0,0.0,0.0,0.0,0.0,0.0,0.0,0.0,0.0,1
"TOTAL VENUE 8 SALARIES, WAGES, SC, CONTRACT & BONUS",178.0,3.5,178.0,2.7,0.0,0.7,178.0,3.0,0.0,0.5,1
PAYROLL TAXES,13.0,0.3,13.0,0.2,0.0,0.1,220.0,3.7,-207.0,-3.5,1
TOTAL VENUE 8 TAXES,13.0,0.3,13.0,0.2,0.0,0.1,220.0,3.7,-207.0,-3.5,1
WORKERS COMP,0.0,0.0,0.0,0.0,0.0,0.0,18.0,0.3,-18.0,-0.3,1
HEALTH INSURANCE,800.0,15.7,800.0,12.4,0.0,3.3,428.0,7.2,372.0,8.4,1
EMPLOYEE MEALS,0.0,0.0,0.0,0.0,0.0,0.0,0.0,0.0,0.0,0.0,1
EMPLOYEE BENEFITS,0.0,0.0,0.0,0.0,0.0,0.0,1.0,0.0,-1.0,0.0,1
TOTAL VENUE 8 BENEFITS,800.0,15.7,800.0,12.4,0.0,3.3,447.0,7.5,353.0,8.1,1
TOTAL VENUE 8 PAYROLL RELATED,814.0,15.9,814.0,12.6,0.0,3.4,668.0,11.3,146.0,4.7,1
TOTAL VENUE 8 LABOR & RELATED,991.0,19.4,991.0,15.3,0.0,4.1,845.0,14.3,146.0,5.1,1
TOTAL VENUE 8 EXPENSE,2221.0,43.5,2550.0,39.4,-329.0,4.1,845.0,14.3,1376.0,29.2,1
TOTAL VENUE 8 PROFIT,2886.0,56.5,3925.0,60.6,-1039.0,-4.1,5082.0,85.7,-2196.0,-29.2,1
BREAKFAST,33728.0,6.9,31241.0,6.9,2487.0,0.0,8456.0,3.9,25272.0,3.0,1
LUNCH,52070.0,10.6,48230.0,10.6,3840.0,0.0,10357.0,4.8,41713.0,5.9,1
DINNER,100531.0,20.5,93117.0,20.4,7414.0,0.1,24723.0,11.4,75808.0,9.1,0
BREAKS A.M.,23674.0,4.8,21928.0,4.8,1746.0,0.0,8177.0,3.8,15497.0,1.1,1
TOTAL BANQUETS FOOD,210003.0,42.9,194515.0,42.7,15488.0,0.2,51713.0,23.8,158290.0,19.1,0
BREAKFAST - CATERING,1304.0,0.3,1208.0,0.3,96.0,0.0,1546.0,0.7,-242.0,-0.4,1
LUNCH - CATERING,7200.0,1.5,6669.0,1.5,531.0,0.0,5412.0,2.5,1788.0,-1.0,1
DINNER - CATERING,30676.0,6.3,28413.0,6.2,2262.0,0.0,34495.0,15.9,-3819.0,-9.6,1
CATERING-COFFEE BREAK,0.0,0.0,263.0,0.1,-263.0,-0.1,263.0,0.1,-263.0,-0.1,1
BREAKS A.M. - CATERING,0.0,0.0,0.0,0.0,0.0,0.0,0.0,0.0,0.0,0.0,1
RECEPTIONS - CATERING,759.0,0.2,759.0,0.2,0.0,0.0,0.0,0.0,759.0,0.2,1
TOTAL CATERING FOOD,39939.0,8.1,37312.0,8.2,2627.0,0.0,41715.0,19.2,-1777.0,-11.0,1
LIQUOR,18452.0,3.8,17092.0,3.8,1361.0,0.0,12889.0,5.9,5563.0,-2.2,1
BEER,7308.0,1.5,6769.0,1.5,539.0,0.0,6134.0,2.8,1174.0,-1.3,1
WINE,4577.0,0.9,4240.0,0.9,338.0,0.0,2157.0,1.0,2420.0,-0.1,1
TOTAL BANQUETS BEVERAGE,30337.0,6.2,28100.0,6.2,2237.0,0.0,21180.0,9.7,9157.0,-3.5,1
LIQUOR - CATERING,10525.0,2.1,10525.0,2.3,0.0,-0.2,2050.0,0.9,8475.0,1.2,1
BEER - CATERING,2278.0,0.5,2278.0,0.5,0.0,0.0,2899.0,1.3,-621.0,-0.9,1
WINE - CATERING,1727.0,0.4,1727.0,0.4,0.0,0.0,473.0,0.2,1254.0,0.1,1
TOTAL CATERING BEVERAGE,14530.0,3.0,14530.0,3.2,0.0,-0.2,5422.0,2.5,9108.0,0.5,1
MEETING ROOM RENTALS,47913.0,9.8,44380.0,9.7,3534.0,0.0,15254.0,7.0,32659.0,2.8,1
SERVICE CHARGES,88384.0,18.0,82282.0,18.1,6102.0,0.0,46039.0,21.2,42345.0,-3.1,0
AV RENTAL/TECHNOLOGY,49011.0,10.0,45396.0,10.0,3615.0,0.0,26448.0,12.2,22563.0,-2.2,1
MISC BANQUET INCOME,9964.0,2.0,9229.0,2.0,735.0,0.0,9880.0,4.5,84.0,-2.5,1
ALLOWANCES,0.0,0.0,0.0,0.0,0.0,0.0,-149.0,-0.1,149.0,0.1,1
TOTAL BANQUETS & CATERING OTHER,195272.0,39.8,181287.0,39.8,13985.0,0.1,97472.0,44.8,97800.0,-5.0,0
TOTAL BANQUETS & CATERING REVENUE,490081.0,100.0,455744.0,100.0,34337.0,0.0,217503.0,100.0,272578.0,0.0,3
FOOD,72483.0,29.0,67230.0,29.0,5253.0,0.0,3575.0,3.8,68908.0,25.2,0
LIQUOR,4347.0,15.0,4142.0,15.0,204.0,0.0,2639.0,17.7,1708.0,-2.7,1
BEER,1630.0,17.0,1538.0,17.0,92.0,0.0,1565.0,17.3,64.0,-0.3,1
WINE,1450.0,23.0,1372.0,23.0,78.0,0.0,531.0,20.2,919.0,2.8,1
AV RENTAL/TECHNOLOGY,29779.0,60.8,27583.0,60.8,2196.0,0.0,12607.0,47.7,17172.0,13.1,1
OTHER,0.0,0.0,0.0,0.0,0.0,0.0,0.0,0.0,0.0,0.0,1
TOTAL BANQUETS & CATERING COST OF SALES,109688.0,22.4,101865.0,22.4,7823.0,0.0,20917.0,9.6,88771.0,12.8,0
TOTAL BANQUETS & CATERING GROSS PROFIT,380392.0,77.6,353879.0,77.6,26514.0,0.0,196586.0,90.4,183807.0,-12.8,3
MANAGER,5481.0,1.1,5481.0,1.2,0.0,-0.1,4846.0,2.2,635.0,-1.1,1
TOTAL BANQUETS & CATERING SERVICE MANAGEMENT,5481.0,1.1,5481.0,1.2,0.0,-0.1,4846.0,2.2,635.0,-1.1,1
SOUS CHEF,4750.0,1.0,4750.0,1.0,0.0,-0.1,3494.0,1.6,1256.0,-0.6,1
COOKS,0.0,0.0,0.0,0.0,0.0,0.0,0.0,0.0,0.0,0.0,1
TOTAL BANQUETS & CATERING KITCHEN NON-MANAGEMENT,4750.0,1.0,4750.0,1.0,0.0,-0.1,3494.0,1.6,1256.0,-0.6,1
BANQUET SETUP/BREAKDOWN,4781.0,1.0,4428.0,1.0,353.0,0.0,4011.0,1.8,770.0,-0.9,1
SERVERS,14800.0,3.0,13709.0,3.0,1092.0,0.0,8218.0,3.8,6582.0,-0.8,1
CAPTAINS,10560.0,2.2,9781.0,2.1,779.0,0.0,9281.0,4.3,1279.0,-2.1,1
BARTENDERS,2622.0,0.5,2429.0,0.5,193.0,0.0,772.0,0.4,1850.0,0.2,1
BARBACKS,0.0,0.0,0.0,0.0,0.0,0.0,0.0,0.0,0.0,0.0,1
SUPERVISOR,2432.0,0.5,2432.0,0.5,0.0,0.0,0.0,0.0,2432.0,0.5,1
TOTAL BANQUETS & CATERING NON-MANAGEMENT,39945.0,8.2,37529.0,8.2,2416.0,-0.1,25777.0,11.9,14168.0,-3.7,1
SUBTOTAL: BANQUETS & CATERING SALARIES & WAGES,45426.0,9.3,43010.0,9.4,2416.0,-0.2,30623.0,14.1,14803.0,-4.8,1
SERVICE CHARGES DISTRIBUTED,45023.0,9.2,41915.0,9.2,3108.0,0.0,22818.0,10.5,22205.0,-1.3,1
TOTAL BANQUETS & CATERING SERVICE CHARGE,45023.0,9.2,41915.0,9.2,3108.0,0.0,22818.0,10.5,22205.0,-1.3,1
CONTRACTED/LEASED & OUTSOURCED LABOR,13197.0,2.7,12240.0,2.7,956.0,0.0,0.0,0.0,13197.0,2.7,1
TOTAL BANQUETS & CATERING CONTRACT LABOR,13197.0,2.7,12240.0,2.7,956.0,0.0,0.0,0.0,13197.0,2.7,1
"TOTAL BANQUETS & CATERING SALARIES, WAGES, SC, CONTRACT & BONUS",103646.0,21.1,97165.0,21.3,6481.0,-0.2,53440.0,24.6,50205.0,-3.4,0
PAYROLL TAXES,7773.0,1.6,7287.0,1.6,486.0,0.0,3141.0,1.4,4632.0,0.1,1
TOTAL BANQUETS & CATERING TAXES,7773.0,1.6,7287.0,1.6,486.0,0.0,3141.0,1.4,4632.0,0.1,1
SUPPLEMENTAL PAY,52.0,0.0,49.0,0.0,3.0,0.0,384.0,0.0,-332.0,0.0,1
PTO EXPENSE,1627.0,0.3,1525.0,0.3,102.0,0.0,841.0,0.4,787.0,-0.1,1
TOTAL BANQUETS & CATERING SUPPLEMENTAL PAY,1679.0,0.3,1574.0,0.3,105.0,0.0,1225.0,0.6,455.0,-0.2,1
WORKERS COMP,933.0,0.2,874.0,0.2,58.0,0.0,717.0,0.3,216.0,-0.1,1
HEALTH INSURANCE,9598.0,2.0,8997.0,2.0,600.0,0.0,5460.0,2.5,4138.0,-0.6,1
401K,104.0,0.0,97.0,0.0,6.0,0.0,7.0,0.0,96.0,0.0,1
EMPLOYEE MEALS,1077.0,0.2,1006.0,0.2,71.0,0.0,296.0,0.1,781.0,0.1,1
EMPLOYEE BENEFITS,9.0,0.0,9.0,0.0,0.0,0.0,9.0,0.0,0.0,0.0,1
TOTAL BANQUETS & CATERING BENEFITS,11720.0,2.4,10984.0,2.4,736.0,0.0,6489.0,3.0,5231.0,-0.6,1
TOTAL BANQUETS & CATERING PAYROLL RELATED,21173.0,4.3,19846.0,4.4,1327.0,0.0,10855.0,5.0,10318.0,-0.7,1
TOTAL BANQUETS & CATERING LABOR & RELATED,124818.0,25.5,117011.0,25.7,7808.0,-0.2,64295.0,29.6,60523.0,-4.1,0
DECORATIONS,0.0,0.0,0.0,0.0,0.0,0.0,0.0,0.0,0.0,0.0,1
TOTAL BANQUETS & CATERING OTHER EXPENSES,0.0,0.0,0.0,0.0,0.0,0.0,0.0,0.0,0.0,0.0,1
TOTAL BANQUETS & CATERING EXPENSE,234506.0,47.9,218876.0,48.0,15631.0,-0.2,85212.0,39.2,149294.0,8.7,0
TOTAL BANQUETS & CATERING PROFIT,255574.0,52.1,236868.0,52.0,18706.0,0.2,132290.0,60.8,123284.0,-8.7,3
TOTAL RETAIL ROLLUP GROSS PROFIT,10769.0,55.0,21196.0,55.0,-10427.0,0.0,9877.0,41.1,893.0,13.9,1
TOTAL RETAIL ROLLUP PROFIT,8343.0,42.6,18580.0,48.2,-10237.0,-5.6,5325.0,22.2,3018.0,20.4,1
"TOTAL FOOD & BEVERAGE ADMIN SALARIES, WAGES, SC, CONTRACT & BONUS",97334.0,12.7,100444.0,12.3,-3110.0,0.3,113298.0,21.0,-15964.0,-8.3,0
"TOTAL VENUE 1 SALARIES, WAGES, SC, CONTRACT & BONUS",66076.0,106.7,98326.0,88.2,-32250.0,18.5,38501.0,36.1,27575.0,70.6,0
"TOTAL VENUE 2 SALARIES, WAGES, SC, CONTRACT & BONUS",66265.0,59.9,68450.0,59.1,-2185.0,0.7,32005.0,32.7,34260.0,27.2,0
"TOTAL VENUE 3 SALARIES, WAGES, SC, CONTRACT & BONUS",20471.0,49.1,25304.0,47.8,-4833.0,1.2,13526.0,38.4,6945.0,10.7,1
"TOTAL VENUE 4 SALARIES, WAGES, SC, CONTRACT & BONUS",3654.0,0.0,3654.0,0.0,0.0,0.0,3700.0,0.0,-46.0,0.0,1
"TOTAL VENUE 6   SALARIES, WAGES, SC, CONTRACT & BONUS",1237.0,20.5,1569.0,20.5,-332.0,0.0,2686.0,37.7,-1448.0,-17.3,1
"TOTAL Boathouse  SALARIES, WAGES, SC, CONTRACT & B",8961.0,16.7,8961.0,14.1,0.0,2.7,7894.0,11.2,1067.0,5.5,1
"TOTAL VENUE 8 SALARIES, WAGES, SC, CONTRACT & BONUS",178.0,3.5,178.0,2.7,0.0,0.7,178.0,3.0,0.0,0.5,1
"TOTAL BANQUETS & CATERING SALARIES, WAGES, SC, CONTRACT & BONUS",103646.0,21.1,97165.0,21.3,6481.0,-0.2,53440.0,24.6,50205.0,-3.4,0
SUBTOTAL: FOOD & BEVERAGE ADMIN SALARIES & WAGES,66313.0,8.6,67834.0,8.3,-1521.0,0.3,50653.0,9.4,15660.0,-0.7,0
TOTAL FOOD & BEVERAGE ADMIN SERVICE CHARGES,1875.0,0.2,1875.0,0.2,0.0,0.0,1875.0,0.3,0.0,-0.1,1
TOTAL FOOD & BEVERAGE ADMIN BONUS,1688.0,0.2,1688.0,0.2,0.0,0.0,1481.0,0.3,207.0,-0.1,1
TOTAL FOOD & BEVERAGE CONTRACT LABOR,27458.0,3.6,29047.0,3.6,-1589.0,0.0,59289.0,11.0,-31831.0,-7.4,1
"TOTAL FOOD & BEVERAGE ADMIN SALARIES, WAGES, SC, CONTRACT & BONUS",97334.0,12.7,100444.0,12.3,-3110.0,0.3,113298.0,21.0,-15964.0,-8.3,0
TOTAL FOOD & BEVERAGE ADMIN PAYROLL TAXES,7300.0,0.9,7533.0,0.9,-233.0,0.0,3476.0,0.6,3824.0,0.3,1
TOTAL FOOD & BEVERAGE ADMIN SUPPLEMENTAL PAY,2540.0,0.3,2622.0,0.3,-81.0,0.0,5220.0,1.0,-2680.0,-0.6,1
TOTAL FOOD & BEVERAGE ADMIN BENEFITS,6817.0,0.9,7048.0,0.9,-231.0,0.0,7658.0,1.4,-841.0,-0.5,1
TOTAL FOOD & BEVERAGE ADMIN TAXES & BENEFITS,16658.0,2.2,17203.0,2.1,-545.0,0.1,16354.0,3.0,303.0,-0.9,1
"TOTAL FOOD & BEVERAGE ADMIN PAYROLL, TAXES & BENEFITS",113992.0,14.8,117647.0,14.5,-3655.0,0.4,129653.0,24.0,-15661.0,-9.2,0
,0.0,0.0,0.0,0.0,0.0,0.0,0.0,0.0,0.0,0.0,1
SUBTOTAL: VENUE 1 SALARIES & WAGES,66076.0,106.7,98326.0,88.2,-32250.0,18.5,38501.0,36.1,27575.0,70.6,0
TOTAL VENUE 1 CONTRACT LABOR,0.0,0.0,0.0,0.0,0.0,0.0,0.0,0.0,0.0,0.0,1
"TOTAL VENUE 1 SALARIES, WAGES, SC, CONTRACT & BONUS",66076.0,106.7,98326.0,88.2,-32250.0,18.5,38501.0,36.1,27575.0,70.6,0
TOTAL VENUE 1 TAXES,4956.0,8.0,7374.0,6.6,-2419.0,1.4,3548.0,3.3,1408.0,4.7,1
TOTAL VENUE 1 SUPPLEMENTAL PAY,2438.0,3.9,3628.0,3.3,-1190.0,0.7,1689.0,1.6,749.0,2.4,1
TOTAL VENUE 1 BENEFITS,6685.0,10.8,9905.0,8.9,-3221.0,1.9,8109.0,7.6,-1424.0,3.2,1
TOTAL VENUE 1 PAYROLL RELATED,14079.0,22.7,20908.0,18.8,-6829.0,4.0,13346.0,12.5,733.0,10.2,1
TOTAL VENUE 1 LABOR & RELATED,80155.0,129.4,119234.0,107.0,-39079.0,22.4,51847.0,48.6,28308.0,80.8,0
,0.0,0.0,0.0,0.0,0.0,0.0,0.0,0.0,0.0,0.0,1
SUBTOTAL: VENUE 2 VENUE SALARIES & WAGES,62239.0,56.2,64227.0,55.5,-1987.0,0.7,32005.0,32.7,30235.0,23.6,0
TOTAL VENUE 2 CONTRACT LABOR,4026.0,3.6,4223.0,3.6,-197.0,0.0,0.0,0.0,4026.0,3.6,1
"TOTAL VENUE 2 SALARIES, WAGES, SC, CONTRACT & BONUS",66265.0,59.9,68450.0,59.1,-2185.0,0.7,32005.0,32.7,34260.0,27.2,0
TOTAL VENUE 2 TAXES,4970.0,4.5,5134.0,4.4,-164.0,0.1,3487.0,3.6,1483.0,0.9,1
TOTAL VENUE 2 SUPPLEMENTAL PAY,1272.0,1.1,1314.0,1.1,-42.0,0.0,1183.0,1.2,89.0,-0.1,1
TOTAL VENUE 2 BENEFITS,7915.0,7.1,8183.0,7.1,-268.0,0.1,7860.0,8.0,54.0,-0.9,1
TOTAL VENUE 2 PAYROLL RELATED,14157.0,12.8,14631.0,12.6,-474.0,0.2,12531.0,12.8,1626.0,0.0,1
TOTAL VENUE 2 LABOR & RELATED,80422.0,72.7,83081.0,71.8,-2658.0,0.9,44536.0,45.5,35887.0,27.2,0
,0.0,0.0,0.0,0.0,0.0,0.0,0.0,0.0,0.0,0.0,1
SUBTOTAL: VENUE 3 SALARIES & WAGES,18884.0,45.3,23292.0,44.0,-4408.0,1.2,13526.0,38.4,5359.0,6.9,1
TOTAL VENUE 3 CONTRACT LABOR,1586.0,3.8,2011.0,3.8,-425.0,0.0,0.0,0.0,1586.0,3.8,1
"TOTAL VENUE 3 SALARIES, WAGES, SC, CONTRACT & BONUS",20471.0,49.1,25304.0,47.8,-4833.0,1.2,13526.0,38.4,6945.0,10.7,1
TOTAL VENUE 3 TAXES,1535.0,3.7,1898.0,3.6,-362.0,0.1,548.0,1.6,988.0,2.1,1
TOTAL VENUE 3 SUPPLEMENTAL PAY,342.0,0.8,423.0,0.8,-81.0,0.0,573.0,1.6,-232.0,-0.8,1
TOTAL VENUE 3 BENEFITS,1102.0,2.6,1244.0,2.4,-142.0,0.3,1437.0,4.1,-335.0,-1.4,1
TOTAL VENUE 3 PAYROLL RELATED,2979.0,7.1,3564.0,6.7,-585.0,0.4,2558.0,7.3,421.0,-0.1,1
TOTAL VENUE 3 LABOR & RELATED,23450.0,56.2,28868.0,54.6,-5418.0,1.6,16084.0,45.6,7366.0,10.6,1
,0.0,0.0,0.0,0.0,0.0,0.0,0.0,0.0,0.0,0.0,1
SUBTOTAL: VENUE 4 SALARIES & WAGES,3654.0,0.0,3654.0,0.0,0.0,0.0,3700.0,0.0,-46.0,0.0,1
"TOTAL VENUE 4 SALARIES, WAGES, SC, CONTRACT & BONUS",3654.0,0.0,3654.0,0.0,0.0,0.0,3700.0,0.0,-46.0,0.0,1
TOTAL VENUE 4 TAXES,274.0,0.0,274.0,0.0,0.0,0.0,99.0,0.0,175.0,0.0,1
TOTAL VENUE 4 SUPPLEMENTAL PAY,536.0,0.0,536.0,0.0,0.0,0.0,536.0,0.0,0.0,0.0,1
TOTAL VENUE 4 TAXES,730.0,0.0,730.0,0.0,0.0,0.0,730.0,0.0,0.0,0.0,1
TOTAL VENUE 4 PAYROLL RELATED,1540.0,0.0,1540.0,0.0,0.0,0.0,1365.0,0.0,175.0,0.0,1
TOTAL VENUE 4 LABOR & RELATED,5194.0,0.0,5194.0,0.0,0.0,0.0,5065.0,0.0,129.0,0.0,1
,0.0,0.0,0.0,0.0,0.0,0.0,0.0,0.0,0.0,0.0,1
TOTAL VENUE 5 SUPPLEMENTAL PAY,0.0,0.0,0.0,0.0,0.0,0.0,0.0,0.0,0.0,0.0,1
TOTAL VENUE 5 BENEFITS,0.0,0.0,0.0,0.0,0.0,0.0,0.0,0.0,0.0,0.0,1
TOTAL VENUE 5 PAYROLL RELATED,0.0,0.0,0.0,0.0,0.0,0.0,0.0,0.0,0.0,0.0,1
TOTAL VENUE 5 LABOR & RELATED,0.0,0.0,0.0,0.0,0.0,0.0,0.0,0.0,0.0,0.0,1
,0.0,0.0,0.0,0.0,0.0,0.0,0.0,0.0,0.0,0.0,1
SUBTOTAL: VENUE 6 SALARIES & WAGES,1237.0,20.5,1569.0,20.5,-332.0,0.0,2686.0,37.7,-1448.0,-17.3,1
"TOTAL VENUE 6   SALARIES, WAGES, SC, CONTRACT & BONUS",1237.0,20.5,1569.0,20.5,-332.0,0.0,2686.0,37.7,-1448.0,-17.3,1
TOTAL VENUE 6 TAXES,93.0,1.5,118.0,1.5,-25.0,0.0,168.0,2.4,-75.0,-0.8,1
TOTAL VENUE 6 BENEFITS,185.0,3.1,201.0,2.6,-16.0,0.4,306.0,4.3,-121.0,-1.2,1
TOTAL VENUE 6 PAYROLL RELATED,278.0,4.6,319.0,4.2,-41.0,0.4,474.0,6.7,-197.0,-2.1,1
TOTAL VENUE 6 LABOR & RELATED,1515.0,25.1,1888.0,24.6,-372.0,0.4,3160.0,44.4,-1645.0,-19.4,1
,0.0,0.0,0.0,0.0,0.0,0.0,0.0,0.0,0.0,0.0,1
SUBTOTAL: Boathouse SALARIES & WAGES,8961.0,16.7,8961.0,14.1,0.0,2.7,7894.0,11.2,1067.0,5.5,1
"TOTAL Boathouse  SALARIES, WAGES, SC, CONTRACT & B",8961.0,16.7,8961.0,14.1,0.0,2.7,7894.0,11.2,1067.0,5.5,1
TOTAL VENUE 7 TAXES,672.0,1.3,672.0,1.1,0.0,0.2,1116.0,1.6,-444.0,-0.3,1
TOTAL Boathouse SUPPLEMENTAL PAY,163.0,0.3,163.0,0.3,0.0,0.0,143.0,0.2,21.0,0.1,1
TOTAL Boathouse BENEFITS,1224.0,2.3,1224.0,1.9,0.0,0.4,1268.0,1.8,-44.0,0.5,1
TOTAL Boathouse LABOR & RELATED,11020.0,20.6,11020.0,17.3,0.0,3.3,10420.0,14.8,600.0,5.7,1
,0.0,0.0,0.0,0.0,0.0,0.0,0.0,0.0,0.0,0.0,1
SUBTOTAL: VENUE 8 SALARIES & WAGES,178.0,3.5,178.0,2.7,0.0,0.7,178.0,3.0,0.0,0.5,1
TOTAL VENUE 8 CONTRACT LABOR,0.0,0.0,0.0,0.0,0.0,0.0,0.0,0.0,0.0,0.0,1
"TOTAL VENUE 8 SALARIES, WAGES, SC, CONTRACT & BONUS",178.0,3.5,178.0,2.7,0.0,0.7,178.0,3.0,0.0,0.5,1
TOTAL VENUE 8 TAXES,13.0,0.3,13.0,0.2,0.0,0.1,220.0,3.7,-207.0,-3.5,1
TOTAL VENUE 8 BENEFITS,800.0,15.7,800.0,12.4,0.0,3.3,447.0,7.5,353.0,8.1,1
TOTAL VENUE 8 PAYROLL RELATED,814.0,15.9,814.0,12.6,0.0,3.4,668.0,11.3,146.0,4.7,1
TOTAL VENUE 8 LABOR & RELATED,991.0,19.4,991.0,15.3,0.0,4.1,845.0,14.3,146.0,5.1,1
,0.0,0.0,0.0,0.0,0.0,0.0,0.0,0.0,0.0,0.0,1
,0.0,0.0,0.0,0.0,0.0,0.0,0.0,0.0,0.0,0.0,1
SUBTOTAL: BANQUETS & CATERING SALARIES & WAGES,45426.0,9.3,43010.0,9.4,2416.0,-0.2,30623.0,14.1,14803.0,-4.8,1
TOTAL BANQUETS & CATERING SERVICE CHARGE,45023.0,9.2,41915.0,9.2,3108.0,0.0,22818.0,10.5,22205.0,-1.3,1
TOTAL BANQUETS & CATERING CONTRACT LABOR,13197.0,2.7,12240.0,2.7,956.0,0.0,0.0,0.0,13197.0,2.7,1
"TOTAL BANQUETS & CATERING SALARIES, WAGES, SC, CONTRACT & BONUS",103646.0,21.1,97165.0,21.3,6481.0,-0.2,53440.0,24.6,50205.0,-3.4,0
TOTAL BANQUETS & CATERING TAXES,7773.0,1.6,7287.0,1.6,486.0,0.0,3141.0,1.4,4632.0,0.1,1
TOTAL BANQUETS & CATERING SUPPLEMENTAL PAY,1679.0,0.3,1574.0,0.3,105.0,0.0,1225.0,0.6,455.0,-0.2,1
TOTAL BANQUETS & CATERING BENEFITS,11720.0,2.4,10984.0,2.4,736.0,0.0,6489.0,3.0,5231.0,-0.6,1
TOTAL BANQUETS & CATERING PAYROLL RELATED,21173.0,4.3,19846.0,4.4,1327.0,0.0,10855.0,5.0,10318.0,-0.7,1
TOTAL BANQUETS & CATERING LABOR & RELATED,124818.0,25.5,117011.0,25.7,7808.0,-0.2,64295.0,29.6,60523.0,-4.1,0
